,Time [h],Calibrated OD [AU],Growth rate [1/h]
0,0.0622222227975726,0.0033195,0.0326573795594706
1,0.13750000018626501,0.0026555999999999997,0.15925971680849582
2,0.21250000130385197,0.0046473,0.1636434016767918
3,0.287499999627471,0.0046473,0.1589734135840897
4,0.362500000745058,0.00730290000000001,0.1538726349656726
5,0.379166666418314,0.0046473,0.15292201345943082
6,0.38750000204890994,0.0,0.15244670254694956
7,0.462500000372529,0.0046473,0.14754493695589435
8,0.537500001490116,0.0046473,0.14352742711745164
9,0.6124999998137349,0.0046473,0.13872848482228115
10,0.687777779996395,0.0033195,0.13504890997169056
11,0.762777778320014,0.00730290000000001,0.13046821330397637
12,0.837777779437602,0.003983400000000001,0.12710979232125158
13,0.9127777777612209,0.0019917000000000003,0.12275429292604004
14,0.987777778878808,0.003983400000000001,0.1196731077261276
15,1.0627777799964,0.0046473,0.11553186518254603
16,1.13777777832001,0.00663900000000001,0.11268973899370271
17,1.2127777794376,0.0026555999999999997,0.10877193496562934
18,1.2880555568262901,0.00663900000000001,0.10602570910635188
19,1.36305555514991,0.0046473,0.10247125434445646
20,1.4380555562675,0.003983400000000001,0.09980546943255185
21,1.51305555738509,0.00597510000000001,0.09657487181847958
22,1.58805555570871,0.0046473,0.09399320037615763
23,1.6633333330973998,0.00531120000000001,0.09105374076506434
24,1.73833333421499,0.00663900000000001,0.08854913448495205
25,1.81333333533257,0.00597510000000001,0.08590250694114279
26,1.88833333365619,0.0033195,0.08349257935539982
27,1.96333333477378,0.00663900000000001,0.08109824181973437
28,2.0383333330973996,0.00597510000000001,0.07879015417899889
29,2.1133333342149903,0.003983400000000001,0.07662944091398947
30,2.1883333353325702,0.00730290000000001,0.07442895204696921
31,2.26361111272126,0.0046473,0.07248280172191755
32,2.3386111110448797,0.003983400000000001,0.07038900003890232
33,2.4136111121624704,0.0046473,0.06865335262975397
34,2.48861111328006,0.0033195,0.06668259820347396
35,2.5636111116036804,0.00663900000000001,0.06513105757918337
36,2.63888888899237,0.00730290000000001,0.063283548692986
37,2.71388889010996,0.00597510000000001,0.06190739400424834
38,2.78888889122754,0.003983400000000001,0.0601965175850764
39,2.8638888895511605,0.00597510000000001,0.0589795869688399
40,2.93888889066875,0.0033195,0.05741148491082845
41,3.0138888889923705,0.003983400000000001,0.05634062283944023
42,3.08888889010996,0.00531120000000001,0.05492044094310765
43,3.16416666749865,0.00531120000000001,0.05398542219786138
44,3.23916666861624,0.0033195,0.052715427124929604
45,3.3141666669398497,0.00597510000000001,0.051903250711585684
46,3.38916666805744,0.0026555999999999997,0.05080075169110141
47,3.4641666663810597,0.00796680000000001,0.05007626930979555
48,3.53916666749865,0.00531120000000001,0.049172128703828005
49,3.61416666861624,0.00597510000000001,0.048534221007929236
50,3.6894444460049303,0.00663900000000001,0.04781196178045311
51,3.76444444432855,0.00597510000000001,0.04726883341700341
52,3.83944444544613,0.0046473,0.04671936000971509
53,3.9144444465637203,0.00531120000000001,0.04628341518092634
54,3.98944444488734,0.00531120000000001,0.04588759495263005
55,4.06444444600493,0.00663900000000001,0.045567737776219086
56,4.13944444432855,0.00597510000000001,0.045312329526340546
57,4.21472222451121,0.00531120000000001,0.04511543368463382
58,4.28972222283483,0.00597510000000001,0.04498776050948837
59,4.36472222395241,0.00730290000000001,0.04492184523548576
60,4.43972222227603,0.0046473,0.04490922044699348
61,4.51472222339362,0.00531120000000001,0.04497848341455734
62,4.58972222451121,0.00597510000000001,0.04506964761391303
63,4.665000001899901,0.003983400000000001,0.045278452525185614
64,4.74000000022352,0.00597510000000001,0.04546100923141105
65,4.8150000013411,0.0046473,0.0458120621508288
66,4.8902777787298,0.00597510000000001,0.04607552582300954
67,4.96527777984738,0.00531120000000001,0.046570859748394484
68,5.040277778171,0.00531120000000001,0.04690574216674684
69,5.11527777928859,0.00663900000000001,0.04754091543717745
70,5.19027777761221,0.00730290000000001,0.0479397907596811
71,5.2652777787298,0.00663900000000001,0.04871248680986022
72,5.34027777984738,0.00531120000000001,0.049167312558297295
73,5.41555555723608,0.00597510000000001,0.05007467509904839
74,5.49055555555969,0.00663900000000001,0.05058636052060653
75,5.565555556677281,0.00730290000000001,0.051608944644884615
76,5.64055555779487,0.00531120000000001,0.05221708791283465
77,5.715555556118491,0.00796680000000001,0.05329141479512236
78,5.79083333350718,0.00663900000000001,0.054015746466410976
79,5.86583333462477,0.0046473,0.05511912154554878
80,5.940833332948389,0.00597510000000001,0.05595483032953639
81,6.01611111313105,0.00663900000000001,0.0570793202603163
82,6.09111111145467,0.00796680000000001,0.05802886421818187
83,6.16611111257225,0.00597510000000001,0.05915341529284146
84,6.2411111108958695,0.00863070000000001,0.06020499435941151
85,6.31611111201346,0.00531120000000001,0.06132744933984967
86,6.39111111313105,0.00663900000000001,0.062474746367346776
87,6.466388890519741,0.00531120000000001,0.06358391820730191
88,6.54138888884336,0.00863070000000001,0.06482728143444162
89,6.61638888996094,0.00531120000000001,0.06590626114079545
90,6.691388891078531,0.0046473,0.06722830723749126
91,6.76638888940215,0.00796680000000001,0.068277390639678
92,6.8416666667908395,0.00730290000000001,0.06967344809626264
93,6.91666666790843,0.00663900000000001,0.07067870701238634
94,6.9916666662320495,0.0046473,0.07213567174866403
95,7.06666666734964,0.00796680000000001,0.07309538081365874
96,7.14166666846722,0.00597510000000001,0.07459869389349888
97,7.2166666667908395,0.0026555999999999997,0.07550988207277749
98,7.29166666790843,0.00730290000000001,0.07704852430927765
99,7.366944445297119,0.00597510000000001,0.07790351609448963
100,7.44194444641471,0.00796680000000001,0.07947262585866491
101,7.5172222238034,0.00730290000000001,0.08026562951403782
102,7.5922222221270195,0.00796680000000001,0.08184876727235219
103,7.66722222324461,0.00663900000000001,0.08261928900958347
104,7.742500000633299,0.00663900000000001,0.08415065036384613
105,7.81750000175089,0.00730290000000001,0.08496419045363393
106,7.892500000074509,0.00730290000000001,0.08636470622491672
107,7.9677777774632,0.00597510000000001,0.08722575578751024
108,8.04277777858078,0.00796680000000001,0.08849699079386585
109,8.11777777969837,0.00730290000000001,0.08938969662442757
110,8.19277777802199,0.00597510000000001,0.09053922290650081
111,8.26777777913958,0.00863070000000001,0.0914499700676389
112,8.343055556528268,0.00863070000000001,0.09247985098652466
113,8.41805555764586,0.00730290000000001,0.09340822655201174
114,8.49305555596948,0.00796680000000001,0.09431205337783895
115,8.568055557087058,0.00796680000000001,0.09523960715258813
116,8.64305555541068,0.00863070000000001,0.09602994116737941
117,8.718055556528268,0.009958500000000009,0.09694835086327676
118,8.79333333391696,0.00796680000000001,0.09762629467235782
119,8.868333335034551,0.00863070000000001,0.09853548748530169
120,8.94361111242324,0.00531120000000001,0.09909994030370424
121,9.018611110746859,0.00796680000000001,0.09999048747312655
122,9.09361111186445,0.00863070000000001,0.10045177413219092
123,9.16861111298203,0.00531120000000001,0.10130938838185223
124,9.24361111130565,0.00730290000000001,0.10167798191119011
125,9.31888888869435,0.00796680000000001,0.10249990447489614
126,9.39388888981193,0.00663900000000001,0.1027779242082634
127,9.468888890929518,0.009958500000000009,0.10356205456903485
128,9.543888889253141,0.009958500000000009,0.10375851362454311
129,9.61888889037073,0.009958500000000009,0.10449844013846128
130,9.69416666775942,0.009958500000000009,0.10461697239033611
131,9.769166668877011,0.00597510000000001,0.10531530078077644
132,9.84416666720062,0.00730290000000001,0.10541653457464513
133,9.91944444458932,0.009958500000000009,0.10600147307141143
134,9.9944444457069,0.009958500000000009,0.10611704444587668
135,10.0694444440305,0.009958500000000009,0.1065808845728069
136,10.1444444451481,0.00663900000000001,0.10670426009565517
137,10.2194444462657,0.010622399999999999,0.10706627873558974
138,10.2944444445893,0.009294600000000009,0.10719450957399751
139,10.369722221978,0.009958500000000009,0.10746295452813598
140,10.4447222230956,0.00863070000000001,0.10760112597023527
141,10.519722224213199,0.00863070000000001,0.10778348342109606
142,10.5947222225368,0.00796680000000001,0.10792544887692643
143,10.6697222236544,0.009958500000000009,0.1080369110147163
144,10.744722221978,0.00863070000000001,0.10818332428779523
145,10.819722223095601,0.00796680000000001,0.10823363000172449
146,10.8950000004843,0.00863070000000001,0.10838754125457328
147,10.970000001601901,0.011950200000000001,0.10838103022428706
148,11.0449999999255,0.009958500000000009,0.10854822468068138
149,11.1200000010431,0.011286299999999999,0.10849673087223435
150,11.195000002160699,0.009294600000000009,0.10867685604067909
151,11.270277779549401,0.010622399999999999,0.10858582803177785
152,11.345277777873001,0.00863070000000001,0.10878750638517473
153,11.4202777789906,0.009294600000000009,0.10866800305952776
154,11.495555556379301,0.009294600000000009,0.10889012015219669
155,11.5705555574968,0.009294600000000009,0.10874683566792206
156,11.6455555558205,0.00796680000000001,0.10899985994728666
157,11.7205555569381,0.0152697,0.10884071488867485
158,11.7955555552617,0.011286299999999999,0.10912677014369326
159,11.870833335444301,0.013278,0.10895689692526375
160,11.945833333768,0.010622399999999999,0.1092818786345997
161,12.0208333348855,0.013278,0.10916018150044828
162,12.0958333332092,0.011950200000000001,0.10946455382431908
163,12.170833334326698,0.011950200000000001,0.10940910488273581
164,12.2461111117154,0.009958500000000009,0.10969908005846149
165,12.321111112833,0.009958500000000009,0.10972171109864069
166,12.3961111111566,0.011950200000000001,0.10999811644791382
167,12.4711111122742,0.012614100000000001,0.11009825183660306
168,12.5461111133918,0.009958500000000009,0.11037198353287232
169,12.6213888907805,0.010622399999999999,0.11055724741885437
170,12.6963888891041,0.011950200000000001,0.11082479893789075
171,12.771388890221699,0.011286299999999999,0.11110285589478279
172,12.8463888885453,0.012614100000000001,0.11137153927528613
173,12.9213888896629,0.011286299999999999,0.111743385756374
174,12.9966666670516,0.011950200000000001,0.11201342345875162
175,13.071666668169199,0.012614100000000001,0.11249123088570134
176,13.1466666664928,0.009294600000000009,0.11276355455978566
177,13.2219444466755,0.013278,0.11334652477015315
178,13.296944444999099,0.011950200000000001,0.113619791598886
179,13.3719444461167,0.012614100000000001,0.1143152707026521
180,13.4469444444403,0.013278,0.11459354660706356
181,13.5219444455579,0.011950200000000001,0.11540039130767617
182,13.597222222946598,0.013278,0.11568015906606147
183,13.6722222240642,0.011286299999999999,0.11660793038616003
184,13.7472222223878,0.0152697,0.11689272710825116
185,13.822222223505399,0.013278,0.11793294359918542
186,13.897222221828999,0.014605799999999999,0.1182236890565356
187,13.9725000020117,0.009958500000000009,0.11937893242690428
188,14.0475000003353,0.013278,0.11969794130920386
189,14.1225000014529,0.014605799999999999,0.12093780046769025
190,14.197777778841601,0.013941899999999998,0.12137191107952043
191,14.2727777799591,0.014605799999999999,0.12258545238836321
192,14.347777778282799,0.013941899999999998,0.12315872983020947
193,14.4227777794003,0.013278,0.12434941219799892
194,14.497777777723998,0.014605799999999999,0.1250562288142394
195,14.572777778841601,0.015933600000000003,0.12622091961309198
196,14.6477777799591,0.014605799999999999,0.12706145518732684
197,14.722777778282799,0.015933600000000003,0.12819456226358894
198,14.798055555671501,0.013278,0.12917530617077153
199,14.873055556789,0.0165975,0.13025677531278135
200,14.948055555112697,0.014605799999999999,0.13137490924380088
201,15.023055556230199,0.017925299999999998,0.1324088593044614
202,15.098333333618902,0.014605799999999999,0.133659317844521
203,15.1733333347365,0.0152697,0.13463064377855669
204,15.2483333330601,0.0172614,0.13601028252452918
205,15.3236111132428,0.0165975,0.1369172092237038
206,15.398888890631499,0.0152697,0.13842886082879585
207,15.4738888889551,0.0172614,0.1392574994204704
208,15.548888890072698,0.0165975,0.14088146802626347
209,15.6241666674614,0.0152697,0.141634975513637
210,15.699166668578998,0.014605799999999999,0.14336724381189547
211,15.7741666669026,0.0185892,0.14404966557819177
212,15.849166668020198,0.0172614,0.14578632876703712
213,15.907777779735598,0.015933600000000003,0.1465358350609148
214,15.9161111125723,0.021908700000000003,0.1466809778814179
215,15.9911111108959,0.0185892,0.14812140111162217
216,16.0661111120135,0.0165975,0.14901900807707094
217,16.141111113131,0.0192531,0.15064057823751562
218,16.216111111454698,0.020580900000000003,0.1514409010299303
219,16.2911111125723,0.021244799999999998,0.15313834631318735
220,16.3663888899609,0.020580900000000003,0.15383029086230435
221,16.4413888910785,0.019916999999999997,0.1556044117428404
222,16.516388889402197,0.019916999999999997,0.1561926145267082
223,16.5913888905197,0.020580900000000003,0.1580123296088855
224,16.6663888888434,0.021908700000000003,0.1585007750096292
225,16.7413888899609,0.021244799999999998,0.16035640187824032
226,16.8163888910785,0.0185892,0.16074595702245575
227,16.8916666684672,0.021244799999999998,0.16262357626957466
228,16.9666666667908,0.021244799999999998,0.1630420653874882
229,17.0416666679084,0.020580900000000003,0.1647659302519688
230,17.116666666232,0.022572599999999998,0.16527139090644094
231,17.1916666673496,0.022572599999999998,0.16680477000641122
232,17.2666666684672,0.0245643,0.16739841165573202
233,17.3419444458559,0.021908700000000003,0.16873789161192368
234,17.4169444441795,0.021244799999999998,0.16942789000393563
235,17.4919444452971,0.0232365,0.17056088301095465
236,17.5669444464147,0.0185892,0.17131897180387723
237,17.642222223803397,0.021908700000000003,0.1722620386609812
238,17.717222222127,0.025228200000000003,0.1730919650653593
239,17.792222223244604,0.0232365,0.17384313641418273
240,17.867500000633303,0.026556,0.17475233489789482
241,17.9508333345875,0.0245643,0.17498085280390469
242,18.0261111119762,0.021908700000000003,0.17642491525936288
243,18.1011111130938,0.0245643,0.17640521409184148
244,18.1761111114174,0.025228200000000003,0.17771816684485897
245,18.251111112535,0.023900400000000002,0.17757562024764256
246,18.3261111108586,0.026556,0.17885817764185868
247,18.4011111119762,0.027883799999999997,0.1787324546857183
248,18.476388889364898,0.026556,0.17980483621845703
249,18.5513888904825,0.028547700000000002,0.17976446866188303
250,18.6263888888061,0.027883799999999997,0.18060334343519047
251,18.7013888899237,0.025892099999999998,0.18062564918007606
252,18.7763888910413,0.025228200000000003,0.18126113456552195
253,18.851388889364898,0.028547700000000002,0.18133380014251155
254,18.9266666667536,0.027883799999999997,0.18177019316402535
255,19.0016666678712,0.028547700000000002,0.18189923587836732
256,19.0766666689888,0.031867200000000005,0.18214275419819254
257,19.151666667312398,0.029211599999999997,0.18230292279593913
258,19.22666666843,0.0305394,0.18237889894239445
259,19.301944445818698,0.0325311,0.18256335170967755
260,19.3769444441423,0.031867200000000005,0.18247032162435314
261,19.451944445259898,0.031867200000000005,0.18267911065151762
262,19.5269444463775,0.0325311,0.18243965163120685
263,19.602222223766102,0.033195,0.18265333317376206
264,19.6772222220898,0.033195,0.18227251393819677
265,19.752222223207397,0.035186699999999994,0.18249439744067097
266,19.8272222243249,0.033195,0.18199196061525333
267,19.9025000017136,0.035850599999999996,0.1822022855001705
268,19.9775000000373,0.0345228,0.18158542873654052
269,20.0525000011548,0.035186699999999994,0.1817902692035829
270,20.1275000022724,0.0371784,0.18107521953354092
271,20.202500000596,0.0391701,0.181258097617323
272,20.2775000017136,0.0391701,0.18045885012225238
273,20.3527777791023,0.0378423,0.18061146116836088
274,20.4277777774259,0.0385062,0.1797482494364649
275,20.5027777785435,0.0365145,0.17986220094920388
276,20.5777777796611,0.039833999999999994,0.17903191947996663
277,20.6527777779847,0.043817400000000006,0.17898909978276914
278,20.7280555553734,0.043153500000000004,0.17822093938548933
279,20.803055556491,0.0391701,0.17802178031234914
280,20.8780555576086,0.041161800000000005,0.17731578442123502
281,20.9530555559322,0.043153500000000004,0.17698395135936942
282,21.0280555570498,0.0444813,0.17632169527099498
283,21.1030555553734,0.043817400000000006,0.17587305164954573
284,21.178055556491,0.0444813,0.17524850626788038
285,21.2530555576086,0.045145199999999996,0.17469574889099337
286,21.3283333349973,0.046473,0.17410319176146596
287,21.403333333320898,0.0484647,0.17344917883561617
288,21.4786111107096,0.0484647,0.17289224477461684
289,21.5536111118272,0.047800800000000004,0.17214669844449454
290,21.6286111129448,0.047800800000000004,0.1715779988181323
291,21.645277778618002,0.0458091,0.17140964696416486
292,21.6536111114547,0.043817400000000006,0.17132547103718015
293,21.728611112572302,0.0491286,0.17073979678724346
294,21.8036111108959,0.0497925,0.16987946875044344
295,21.878611112013502,0.051784199999999996,0.16937745676698535
296,21.953611113131,0.0497925,0.1684620490021379
297,22.0288888905197,0.0497925,0.16796703990218695
298,22.103888888843397,0.0497925,0.16700037995654704
299,22.179166666232,0.0491286,0.16651706789424137
300,22.2541666673496,0.0537759,0.1655064250002888
301,22.329444444738304,0.05510369999999999,0.16503040828460208
302,22.404444445855898,0.055767599999999994,0.1639842077649845
303,22.479444444179503,0.055767599999999994,0.16351611162229227
304,22.554444445297104,0.058423199999999995,0.1624458098523224
305,22.6294444464147,0.0564315,0.161972865399122
306,22.704444444738304,0.0544398,0.16094107966220908
307,22.780000001192104,0.057759300000000006,0.16038033575940355
308,22.8549999995157,0.0564315,0.15941673709476695
309,22.930000000633303,0.057095400000000004,0.15878024605699775
310,23.005000001750897,0.0610788,0.1578656997615362
311,23.080000000074502,0.061742700000000005,0.1571705345206199
312,23.155277777463198,0.062406600000000007,0.1562968086183038
313,23.2302777785808,0.0610788,0.15554406027128365
314,23.3052777796984,0.06373440000000001,0.1547152652141907
315,23.380277778022,0.061742700000000005,0.1539167694623459
316,23.4552777791396,0.0650622,0.15312038938747188
317,23.530277777463198,0.0650622,0.1522843349050854
318,23.605555557645896,0.06572610000000001,0.15150540759718534
319,23.613888890482503,0.061742700000000005,0.15142268801421196
320,23.622222223319103,0.07103730000000001,0.15133996843123868
321,23.697222224436697,0.0677178,0.15043970093879275
322,23.772222222760302,0.0690456,0.1497159116327851
323,23.847222223877896,0.0690456,0.14883750803656248
324,23.9222222222015,0.06639,0.14807394795294176
325,23.997222223319103,0.0670539,0.14723005887662946
326,24.072222224436697,0.07103730000000001,0.14643250623498288
327,24.1475000018254,0.07170119999999999,0.14561713383696137
328,24.222500000149,0.07170119999999999,0.14478635190658726
329,24.297500001266602,0.07170119999999999,0.14400411176089448
330,24.3724999995902,0.0756846,0.1431479949896495
331,24.4475000007078,0.07369289999999999,0.14235272649332595
332,24.4808333348483,0.0756846,0.14193437277870674
333,24.489444446750003,0.07966799999999999,0.14186147636867114
334,24.5644444450736,0.07369289999999999,0.14112558887817314
335,24.639444446191202,0.07170119999999999,0.1402631007823523
336,24.7144444445148,0.0750207,0.13947723942315104
337,24.7894444456324,0.07900410000000001,0.13865602870755783
338,24.8647222230211,0.07900410000000001,0.13784120004912687
339,24.9397222241387,0.0803319,0.13704718738624413
340,25.0147222224623,0.0803319,0.13621370431599417
341,25.089999999851,0.08232360000000001,0.13543704152691563
342,25.1650000009686,0.08365139999999999,0.1345847375690442
343,25.2400000020862,0.0809958,0.13383003569205665
344,25.3150000004098,0.08365139999999999,0.13296420745457238
345,25.3900000015274,0.0843153,0.1322225106070153
346,25.464999999851,0.0843153,0.13134686284044264
347,25.5400000009686,0.08630700000000001,0.1306155254277651
348,25.6152777783573,0.0916182,0.12972772930171608
349,25.690277779474897,0.092946,0.12900596522229113
350,25.7652777777985,0.0916182,0.12811139207432182
351,25.8152777776122,0.0889626,0.12762274606423119
352,25.8236111132428,0.0949377,0.1275456097329181
353,25.8986111115664,0.0936099,0.12676194649497455
354,25.973611112684,0.0936099,0.12591816243201653
355,26.0486111110076,0.0942738,0.12511481771859856
356,26.0736111123115,0.0942738,0.12482697279012366
357,26.0822222242132,0.0896265,0.12475619928784243
358,26.157222222536802,0.0942738,0.12395115305408638
359,26.2322222236544,0.0962655,0.12319366594938341
360,26.307222221978,0.09560160000000001,0.12233771536246463
361,26.382222223095603,0.0969294,0.12159031423836791
362,26.4572222242132,0.09560160000000001,0.12073192233937659
363,26.532222222536802,0.0969294,0.11998616173928649
364,26.607499999925498,0.099585,0.11912302015200016
365,26.6825000010431,0.0942738,0.11837797108597908
366,26.757500002160697,0.099585,0.1175194846061619
367,26.8325000004843,0.1022406,0.11677175482614484
368,26.907500001601896,0.099585,0.11591922256243187
369,26.982499999925498,0.10091280000000001,0.11516380332668243
370,27.0575000010431,0.10290450000000001,0.11432435757659563
371,27.1327777784318,0.1068879,0.11355061159081413
372,27.2077777795494,0.10356839999999999,0.11272485041442223
373,27.282777777873,0.1048962,0.11194137303621333
374,27.357777778990602,0.10556010000000002,0.11112544408073267
375,27.4327777801082,0.112863,0.11033325589032145
376,27.5077777784318,0.1088796,0.1095245423321247
377,27.583055555820497,0.1121991,0.10872317678955694
378,27.6580555569381,0.11087129999999999,0.107919941869367
379,27.733055555261696,0.1121991,0.10711569990944327
380,27.774722222238804,0.11153519999999999,0.10667186926394265
381,27.783055557869396,0.10954349999999999,0.10658461207137855
382,27.858055556192998,0.11419080000000001,0.10578373993278137
383,27.9330555573106,0.11551860000000001,0.10498112108406882
384,28.0083333346993,0.11684639999999999,0.10417954580689942
385,28.0833333330229,0.1148547,0.10337893934732147
386,28.1583333341405,0.11684639999999999,0.10258013612066129
387,28.233333335258102,0.11419080000000001,0.10178359321988918
388,28.3083333335817,0.1181742,0.10098365034836358
389,28.383611110970396,0.1208298,0.10019017828892104
390,28.458611112087997,0.12016589999999999,0.09938835704728347
391,28.5336111132056,0.12414929999999999,0.09860531212005415
392,28.608611111529196,0.12414929999999999,0.09780158974886148
393,28.683611112646798,0.1208298,0.09702736182226739
394,28.7588888900355,0.12348540000000001,0.0962189359891182
395,28.833888891153002,0.1287966,0.09545501313533529
396,28.9088888894767,0.12414929999999999,0.09464752348269836
397,28.984166666865303,0.1287966,0.09389254182998245
398,29.059166667982897,0.1281327,0.09308365933848577
399,29.1341666663066,0.1301244,0.09233750809911513
400,29.209166667424103,0.1307883,0.09153637360558171
401,29.284166668541697,0.1301244,0.09079363592615074
402,29.3011111132801,0.13477170000000002,0.09060712559102052
403,29.3094444461167,0.1380912,0.09051539920375312
404,29.3844444444403,0.1301244,0.08976782077318368
405,29.459722221829,0.1307883,0.0889848663814339
406,29.534722222946602,0.13278,0.08824394985700773
407,29.609722224064196,0.1367634,0.08747896486738661
408,29.6847222223878,0.13609949999999998,0.0867405826545651
409,29.7599999997765,0.13941900000000002,0.08598937615715262
410,29.8350000008941,0.1374273,0.08525311832428537
411,29.9100000020117,0.14074679999999998,0.08452274830092059
412,29.9850000003353,0.1380912,0.08379044778422148
413,30.0600000014529,0.13941900000000002,0.08307858405476656
414,30.1352777788416,0.14207460000000002,0.08234852990436062
415,30.210277779959103,0.14207460000000002,0.08165715661766006
416,30.2852777782828,0.1453941,0.08093506580321295
417,30.3605555556715,0.14340239999999999,0.08026250536313723
418,30.435555556788998,0.14074679999999998,0.07954868156496372
419,30.443888889625697,0.14008289999999998,0.07947342147270857
420,30.5188888907433,0.1453941,0.07883371701127215
421,30.593888889066896,0.1453941,0.07812053790078743
422,30.6608333336189,0.1480497,0.07756466046451312
423,30.669166666455602,0.1487136,0.07748932399774233
424,30.7441666675732,0.1493775,0.07679832452135213
425,30.819166668690702,0.14738579999999998,0.0761810752971029
426,30.8941666670144,0.1540248,0.07551984037575755
427,30.9691666681319,0.1480497,0.07490888110830829
428,31.0444444455206,0.1540248,0.07427324782901236
429,31.119444446638198,0.1520331,0.07367155454756212
430,31.1944444449618,0.1533609,0.07306661337781484
431,31.269444446079397,0.1553526,0.0724771308042989
432,31.3444444444031,0.1507053,0.07189965797978197
433,31.4197222245857,0.1573443,0.07132207065730059
434,31.494722222909303,0.1553526,0.0707854614402824
435,31.5113888885826,0.1520331,0.07067140525793912
436,31.5197222242132,0.15933599999999998,0.07060498256325327
437,31.544722222723102,0.1520331,0.0704057145460055
438,31.5530555555597,0.1507053,0.07033929187358987
439,31.5780555568635,0.1546887,0.07014678384329023
440,31.5863888897002,0.1599999,0.07008295974011688
441,31.6613888908178,0.15800820000000002,0.06957298104129672
442,31.7366666682065,0.1599999,0.06903631190166126
443,31.811666666530105,0.15933599999999998,0.0685321029943313
444,31.8866666676477,0.1613277,0.06802819314433234
445,31.9616666687652,0.15800820000000002,0.06754141435573069
446,32.0366666670889,0.15800820000000002,0.06706687680341036
447,32.1116666682065,0.16464720000000002,0.06659952957221946
448,32.1866666665301,0.1619916,0.06615352409197686
449,32.2616666676477,0.1639833,0.06570743300618281
450,32.336944445036394,0.1633194,0.06528779624656791
451,32.411944446153896,0.16796670000000002,0.06486432317056208
452,32.4869444444776,0.16730279999999997,0.06447287438821367
453,32.5619444455951,0.1712862,0.06407425379528044
454,32.6369444467127,0.16995839999999998,0.06370804855899007
455,32.7122222241014,0.16995839999999998,0.06333439867584831
456,32.787222222425,0.16464720000000002,0.06299243955683324
457,32.8622222235426,0.17261400000000002,0.06264752533624182
458,32.9372222218663,0.16995839999999998,0.062328422719166464
459,33.0122222229838,0.1712862,0.06201216997832313
460,33.0875000003725,0.17526960000000003,0.061713560193231064
461,33.1625000014901,0.1746057,0.06142680220250102
462,33.2374999998137,0.1712862,0.061149621255865406
463,33.3125000009313,0.1746057,0.060892337999313186
464,33.320833333768,0.18058079999999999,0.06086343313541792
465,33.3958333348855,0.17526960000000003,0.06061405067903797
466,33.4708333332092,0.1812447,0.060378817417489315
467,33.5458333343267,0.1799169,0.060154555513103725
468,33.6041666669771,0.1825725,0.05999018823147598
469,33.6124999998137,0.1845642,0.05996682053901446
470,33.6627777786925,0.1812447,0.05983154778459436
471,33.6711111115292,0.1732779,0.05980982033454358
472,33.7461111126468,0.1839003,0.059619066051853395
473,33.8211111109704,0.1825725,0.05943104188493844
474,33.896111112088,0.1825725,0.05927096141302348
475,33.9711111132056,0.1872198,0.05910006562653872
476,34.0461111115292,0.1799169,0.05896070447835098
477,34.0877777785063,0.1845642,0.058877313922435504
478,34.0961111113429,0.1918671,0.05886747060510185
479,34.171388888731606,0.18788370000000001,0.05872468769565585
480,34.2463888898492,0.185892,0.058622255067327135
481,34.2547222226858,0.192531,0.058606919387020465
482,34.2630555555224,0.185892,0.0585915837067138
483,34.33805555664,0.1872198,0.058484265675443174
484,34.4130555577576,0.18788370000000001,0.05837647067838658
485,34.4883333351463,0.1918671,0.05829740926463259
486,34.5633333334699,0.185892,0.058199845361078924
487,34.638611110858605,0.19053929999999997,0.058145435989933554
488,34.7136111119762,0.19120320000000002,0.05805588308083148
489,34.7886111130938,0.192531,0.0580167282624676
490,34.805277778767,0.19120320000000002,0.05799646448228969
491,34.8136111116037,0.18788370000000001,0.05798633259220062
492,34.8886111127213,0.1938588,0.0579581636428381
493,34.9555555572733,0.1965144,0.05789072469411336
494,34.96388889011,0.2024895,0.057881139614473075
495,34.9972222242504,0.1918671,0.057874900002340725
496,35.0055555570871,0.1892115,0.05787486587761161
497,35.0138888899237,0.1898754,0.05787483175288251
498,35.0222222227603,0.1971783,0.05787639539982871
499,35.0972222238779,0.1965144,0.05785915053647766
500,35.1722222222015,0.1958505,0.05780344776080962
501,35.2472222233191,0.1965144,0.057806976208488826
502,35.3225000007078,0.1965144,0.05777301666853311
503,35.3975000018254,0.19917,0.05777490935123537
504,35.472500000149005,0.1971783,0.05775921620681141
505,35.547500001266606,0.1971783,0.05775857042655572
506,35.622499999590204,0.20381729999999998,0.057758266316377954
507,35.6977777797729,0.20116170000000003,0.05773343192422465
508,35.7144444454461,0.20116170000000003,0.05771846419608473
509,35.7227777782828,0.1978422,0.05772904434059326
510,35.7727777780965,0.19917,0.057781638413509265
511,35.781111110933104,0.20846460000000003,0.05778477083504816
512,35.856111112050705,0.20182560000000002,0.05773488896785864
513,35.9227777775377,0.2051451,0.057792157812724086
514,35.9311111131683,0.2091285,0.05779322871995426
515,36.0061111114919,0.20580900000000002,0.05774158771112673
516,36.064444444142296,0.20713679999999998,0.057799177239628054
517,36.0727777797729,0.2097924,0.05780447828031687
518,36.148055557161605,0.20713679999999998,0.05776310105043386
519,36.1730555556715,0.21112020000000004,0.057779575415355514
520,36.1813888885081,0.2117841,0.05779401802002021
521,36.256388889625704,0.2064729,0.057764497975672194
522,36.3313888907433,0.2097924,0.057823636597232456
523,36.406388889066896,0.2117841,0.05777754832035346
524,36.448055556044004,0.2117841,0.05780148744771412
525,36.4563888888806,0.20580900000000002,0.05780776550979709
526,36.531388889998205,0.2091285,0.057824295511924424
527,36.6066666673869,0.21576750000000003,0.057786663896951744
528,36.673333332873895,0.2137758,0.05781382348905154
529,36.6816666685045,0.21576750000000003,0.05780983718991801
530,36.7566666668281,0.21576750000000003,0.05777958371672336
531,36.7649999996647,0.2197509,0.05778642577931192
532,36.8400000007823,0.2177592,0.0577610153092264
533,36.9150000018999,0.2137758,0.05777221202770633
534,36.990000000223496,0.21576750000000003,0.057716503033493884
535,37.0650000013411,0.22041479999999997,0.05772603457468284
536,37.140277778729796,0.2197509,0.057654501552209574
537,37.206944444216795,0.22506210000000001,0.057659381343484806
538,37.2152777798474,0.21443969999999998,0.05765559606811121
539,37.223611112684004,0.2224065,0.05765181079400674
540,37.2988888900727,0.22107870000000002,0.057581338345639464
541,37.373888888396294,0.2184231,0.05754023022268421
542,37.382500000298,0.2184231,0.057524135478179916
543,37.3908333331347,0.225726,0.05750855992134047
544,37.4658333342522,0.2164314,0.057497860671200565
545,37.5408333353698,0.2237343,0.05739109760784466
546,37.5575000010431,0.22638989999999998,0.0573880749852839
547,37.5658333338797,0.2317011,0.0573868117562554
548,37.5991666680202,0.22638989999999998,0.057378846487270777
549,37.607500000856795,0.2237343,0.05737472741351051
550,37.6827777782455,0.2243982,0.05727385733432253
551,37.7577777793631,0.2270538,0.05721492428562512
552,37.8163888910785,0.23236500000000002,0.05713873211800777
553,37.8247222239152,0.2343567,0.05712952152009627
554,37.8997222222388,0.22771770000000002,0.05704136226399646
555,37.9747222233564,0.2317011,0.0569323707522257
556,38.049722224474,0.2343567,0.056837262523453766
557,38.1247222227976,0.23369279999999998,0.05670822583195132
558,38.175000001676395,0.23834009999999997,0.056631957465156424
559,38.183333334513,0.23966790000000002,0.05662044867134721
560,38.1916666673496,0.23236500000000002,0.05661058835704535
561,38.20000000018629,0.23369279999999998,0.056600920694732805
562,38.2083333330229,0.24099570000000003,0.056591253032420366
563,38.2833333341405,0.23834009999999997,0.05643962991222079
564,38.2916666669771,0.2317011,0.05643095807561354
565,38.3666666680947,0.2370123,0.05630770871324248
566,38.4419444454834,0.2370123,0.05615962150917492
567,38.4836111124605,0.24099570000000003,0.05607522386966986
568,38.4919444452971,0.2429874,0.05606082947900614
569,38.5002777781337,0.2356845,0.056046435088342415
570,38.5586111107841,0.2370123,0.05593038463942276
571,38.5669444464147,0.23302889999999998,0.055911468150992565
572,38.6419444447383,0.23502060000000002,0.05575025262639117
573,38.7169444458559,0.23834009999999997,0.05557499776981437
574,38.7252777786925,0.2416596,0.05555367468232912
575,38.80055555608121,0.2443152,0.05539076833061489
576,38.8758333334699,0.24099570000000003,0.05519816615160567
577,38.9508333345875,0.2449791,0.055020563935229284
578,39.0258333357051,0.2429874,0.05482028954439596
579,39.084444444626605,0.24697080000000002,0.054671240189454365
580,39.092777777463205,0.24829859999999998,0.054648876616920285
581,39.1677777785808,0.2489625,0.05444152614117049
582,39.2427777796984,0.24829859999999998,0.05423425840817439
583,39.317777778022,0.24962640000000003,0.05401911788865145
584,39.393055555410704,0.2463069,0.0537994081198
585,39.4013888910413,0.24962640000000003,0.05377490636712898
586,39.4097222238779,0.2416596,0.053750404622672894
587,39.4180555567145,0.24829859999999998,0.053725902878216804
588,39.4930555578321,0.25029029999999997,0.05349875748873381
589,39.56833333522079,0.2516181,0.05327282792284976
590,39.651666666381104,0.2542737,0.05301197853361189
591,39.6766666676849,0.2516181,0.052935083184777826
592,39.6850000005215,0.24564299999999997,0.052907210858545245
593,39.7516666688025,0.2509542,0.05269488580694809
594,39.760000001639106,0.25692929999999997,0.0526696125906603
595,39.793333332985604,0.2536098,0.05255962802342391
596,39.80166666861621,0.24829859999999998,0.05253154413769957
597,39.8766666669399,0.25493760000000004,0.05228970460786544
598,39.9519444443285,0.24962640000000003,0.05204570278547891
599,40.0102777797729,0.2562654,0.05185476699522224
600,40.0186111126095,0.258921,0.05182667939078833
601,40.068611112423206,0.2562654,0.05165563769046867
602,40.0769444452599,0.2615766,0.05162669792836369
603,40.1519444463775,0.26224050000000004,0.05138532316320099
604,40.1688888911158,0.2635683,0.05133007543802704
605,40.1772222239524,0.2662239,0.05129888466359026
606,40.252222222276,0.26556,0.051046514932772256
607,40.327222223393605,0.26489609999999997,0.05079078394809135
608,40.335555556230204,0.2602488,0.05076362725982295
609,40.3858333351091,0.26290440000000004,0.05059465105458395
610,40.394166667945704,0.26954340000000004,0.0505658061123707
611,40.469166666269295,0.26224050000000004,0.05031739054130723
612,40.519166668877,0.26489609999999997,0.05014731468059529
613,40.5275000017136,0.2682156,0.050117769824584275
614,40.602500000037296,0.26489609999999997,0.04987870479346612
615,40.610833332873895,0.2609127,0.04985168904365723
616,40.685833333991496,0.26224050000000004,0.04958925409245204
617,40.7611111113802,0.2682156,0.049350523083326554
618,40.836111112497704,0.2675517,0.0490992540660316
619,40.9111111108214,0.2662239,0.048862602900037695
620,40.919444446452,0.27219899999999997,0.04883385801770625
621,40.9944444447756,0.2741907,0.04859829019516658
622,41.069444445893204,0.2735268,0.04835698630134384
623,41.144444444216795,0.2728629,0.04813444900404068
624,41.2197222243994,0.2755185,0.0478993623540602
625,41.2947222227231,0.2761824,0.04768787462939613
626,41.3280555568635,0.27883800000000003,0.04758583205294128
627,41.336666668765204,0.2795019,0.047558913210642706
628,41.4116666670889,0.2768463,0.04734610673888606
629,41.4866666682065,0.2741907,0.04714215535488757
630,41.553611112758496,0.2755185,0.046960499594297
631,41.5619444455951,0.2708712,0.046937884909130624
632,41.570277778431795,0.27751020000000004,0.04691527022396401
633,41.645277779549396,0.2768463,0.04672648211830616
634,41.720277777873,0.2821575,0.04653464475340343
635,41.7955555552617,0.2821575,0.04635808519117336
636,41.8705555563793,0.28414920000000005,0.04618422187513352
637,41.945555557496796,0.2821575,0.04602062901579417
638,41.9538888903335,0.2761824,0.046003224199933246
639,41.9622222231701,0.285477,0.04598581938407254
640,42.0205555558205,0.2848131,0.045865857809855234
641,42.0288888886571,0.2808297,0.04584901374426072
642,42.1038888897747,0.28680479999999997,0.0457030063844926
643,42.1791666671634,0.28680479999999997,0.04556209335893943
644,42.1875,0.292116,0.04554604801302796
645,42.1958333356306,0.2848131,0.04553218624264077
646,42.2708333339542,0.28746869999999997,0.04541150883116249
647,42.345833335071795,0.2894604,0.04528988784072646
648,42.3958333348855,0.2887965,0.045219949968181405
649,42.4044444439933,0.29277990000000004,0.0452085979922005
650,42.4211111124605,0.29277990000000004,0.04518662641830068
651,42.4294444452971,0.285477,0.045175640633192425
652,42.5044444464147,0.2901243,0.04508169498777238
653,42.5794444447383,0.29277990000000004,0.04498491495831553
654,42.6544444458559,0.2914521,0.04491624539154614
655,42.696111112833,0.2974272,0.044872686331152455
656,42.7044444456697,0.3000828,0.04486799334668122
657,42.76277777832,0.2960994,0.04482211834144618
658,42.7711111111566,0.3040662,0.044813566103500714
659,42.77972222305829,0.2974272,0.04480472878961894
660,42.854722224175894,0.29277990000000004,0.04476525359750652
661,42.9047222239897,0.29941890000000004,0.04472847994793537
662,42.91305555682629,0.3000828,0.044724735013051756
663,42.946388890966794,0.2967633,0.044711491313353946
664,42.954722223803394,0.2954355,0.04470878802375156
665,42.9880555551499,0.29809109999999994,0.044701068356372296
666,42.996388890780494,0.3027384,0.044702595397852984
667,43.0713888891041,0.3014106,0.04467170038713459
668,43.1466666664928,0.29941890000000004,0.04466801552219394
669,43.155000002123394,0.3047301,0.044663463771912215
670,43.163333334959994,0.29809109999999994,0.044658912023156604
671,43.1800000006333,0.2967633,0.044650116381516995
672,43.1883333334699,0.3040662,0.04465887834588277
673,43.2633333345875,0.2960994,0.044680009775534976
674,43.3383333357051,0.3000828,0.044693972975981294
675,43.41361111309379,0.3040662,0.04470571551131722
676,43.4386111116037,0.30074670000000003,0.044718017301935774
677,43.4469444444403,0.305394,0.04473270441128999
678,43.5219444455579,0.3047301,0.04475778853814643
679,43.5969444466755,0.3107052,0.0448460235465456
680,43.663611112162506,0.3080496,0.04486639160817465
681,43.671944444999106,0.3126969,0.0448691720290892
682,43.7472222223878,0.3133608,0.044983572054376225
683,43.8222222235054,0.3080496,0.04500615642089269
684,43.8888888889924,0.3107052,0.04514587872935194
685,43.897222221829004,0.31601640000000003,0.045154324326520265
686,43.9725000020117,0.3060579,0.04519393344092477
687,44.04750000033529,0.3093774,0.0453543229623356
688,44.12250000145289,0.3027384,0.04541814727235001
689,44.1974999997765,0.3133608,0.04556503482090415
690,44.20583333540711,0.30871350000000003,0.04556516549669439
691,44.2144444445148,0.31535250000000004,0.04556530052827567
692,44.2894444456324,0.3146886,0.04574836421382187
693,44.36444444675,0.31800809999999996,0.04581839028331422
694,44.4397222241387,0.31933590000000006,0.046001446242931884
695,44.464722222648604,0.31668029999999997,0.046003300252255415
696,44.4730555554852,0.3213276,0.04603322302449013
697,44.54805555660279,0.31535250000000004,0.046196156930333764
698,44.564722222276,0.3206637,0.04619068290790309
699,44.5730555551127,0.31136909999999995,0.0462274275031271
700,44.58138889074329,0.31933590000000006,0.04626419319896202
701,44.656388889066896,0.31800809999999996,0.046413822210900055
702,44.7316666664556,0.3226554,0.04661729220444896
703,44.806666667573204,0.3213276,0.04672145794786303
704,44.8816666686907,0.3219915,0.04693346249233861
705,44.9316666685045,0.325311,0.047030799199727163
706,44.940000001341105,0.3339417,0.04705694391321454
707,45.01499999966471,0.3219915,0.04718925236574818
708,45.0400000009686,0.3239832,0.047262190492049105
709,45.048333333805196,0.3206637,0.04728650319809881
710,45.0900000007823,0.32464709999999997,0.047397675657151646
711,45.098333333618896,0.3299583,0.04741916401940409
712,45.1736111110076,0.3266388,0.04757074211356064
713,45.2069444451481,0.3299583,0.04761006234656522
714,45.2152777779847,0.33195,0.04764384244474138
715,45.2236111108214,0.3239832,0.04768009751580813
716,45.298611111939,0.3259749,0.04781997785871889
717,45.3319444460794,0.3299583,0.04791310447570712
718,45.340277778916104,0.33593340000000005,0.04794417836432541
719,45.3986111115664,0.33195,0.048051824196905
720,45.4069444444031,0.3266388,0.04806358823199943
721,45.4486111113802,0.33327779999999996,0.04817895463902564
722,45.456944444216795,0.3339417,0.04820306144287777
723,45.5322222243994,0.3339417,0.04838137970936889
724,45.6072222227231,0.33460559999999995,0.04847823511004559
725,45.6322222240269,0.33460559999999995,0.048547961465867304
726,45.6405555568635,0.33062220000000003,0.048571203581877005
727,45.6488888897002,0.338589,0.048594445697887005
728,45.71555555518721,0.3365973,0.04873853881729604
729,45.7238888908178,0.3439002,0.04874792667250837
730,45.7322222236544,0.3372612,0.048757314524573166
731,45.7655555577949,0.3365973,0.04882246005871891
732,45.773888890631504,0.3392529,0.048848565363451626
733,45.8491666680202,0.3372612,0.04892767325567478
734,45.9075000006706,0.3392529,0.049088530863960526
735,45.9158333335072,0.35253090000000004,0.04910206368391921
736,45.924166666343794,0.34522800000000003,0.049115596503877874
737,45.9741666661575,0.34522800000000003,0.0491784598822686
738,45.982500001788104,0.3531948,0.04918576205189559
739,45.990833334624796,0.34522800000000003,0.0491930642190744
740,45.999166667461395,0.3472197,0.049200434541140196
741,46.007500000298,0.3392529,0.049217326236574696
742,46.024166668765204,0.3392529,0.04925110963310712
743,46.032500001601896,0.34987529999999994,0.04926800132854178
744,46.0491666672751,0.3465558,0.0493014198222279
745,46.0575000001118,0.338589,0.04931322502734738
746,46.0658333329484,0.34589190000000003,0.04932503023246671
747,46.0825000014156,0.34589190000000003,0.04934864064666344
748,46.0908333342522,0.33593340000000005,0.04936044585178277
749,46.0991666670889,0.3465558,0.04937222486610287
750,46.1491666669026,0.34987529999999994,0.04944154421769676
751,46.1574999997392,0.3531948,0.04945136862004157
752,46.1658333353698,0.3432363,0.0494611930256803
753,46.1991666667163,0.3379251,0.04950088485779273
754,46.2075000023469,0.3512031,0.049512193355572914
755,46.2158333351836,0.3439002,0.04952350184956173
756,46.257777778431795,0.3485475,0.0495808104777831
757,46.266111111268394,0.3531948,0.04959240439824179
758,46.274444444104994,0.3465558,0.04960399831870049
759,46.349444445222595,0.3472197,0.04962906723571317
760,46.39111111219971,0.3439002,0.04968059695606647
761,46.3994444450364,0.3405807,0.049693124452613265
762,46.407777777873,0.3439002,0.049707415309441796
763,46.4161111107096,0.35053920000000005,0.04972170616627033
764,46.4911111118272,0.34589190000000003,0.04972644457203753
765,46.566111112944796,0.34589190000000003,0.04979782454918337
766,46.6161111127585,0.34522800000000003,0.04979958942591121
767,46.6244444455951,0.3531948,0.0498057865369513
768,46.6997222229838,0.3492114,0.04980327291244956
769,46.7580555556342,0.35452259999999997,0.04980484450835239
770,46.766666667535894,0.3618255,0.0498007497712031
771,46.77500000037249,0.35452259999999997,0.04979678712294896
772,46.808333334512994,0.3531948,0.04978466141329493
773,46.81666666734961,0.3638172,0.049782438383242686
774,46.8250000001863,0.3631533,0.04978021535319042
775,46.8333333330229,0.34788359999999996,0.049777992323138176
776,46.841666668653495,0.35452259999999997,0.04977636389862549
777,46.9166666669771,0.3538587,0.04973567337428822
778,46.933333335444296,0.35253090000000004,0.04970845744567599
779,46.941666668281,0.3631533,0.049698489050781135
780,46.9500000011176,0.3678006,0.049695742161309314
781,46.9583333339542,0.3531948,0.0496929952718375
782,46.9916666680947,0.3538587,0.049679631101368645
783,47.0000000009313,0.3512031,0.04967093871827637
784,47.00833333376799,0.35518649999999996,0.049662246335184
785,47.01666666660461,0.3684645,0.04965355395209171
786,47.0250000022352,0.36049770000000003,0.04964486156608505
787,47.0416666679084,0.3598338,0.04962705038658622
788,47.05000000074511,0.365145,0.04961743973075652
789,47.06666666641829,0.365145,0.04959821841909738
790,47.0750000020489,0.35518649999999996,0.049588607760045526
791,47.09166666772221,0.3512031,0.04956872686861155
792,47.10000000055879,0.36049770000000003,0.04955786936029797
793,47.10833333339539,0.3624894,0.049547011851984374
794,47.11666666623201,0.3558504,0.04953615434367075
795,47.1502777794376,0.351867,0.04948898468659292
796,47.1586111122742,0.3618255,0.04947605109756465
797,47.2002777792513,0.3538587,0.04940833791565667
798,47.208611112088,0.3624894,0.04939360410965281
799,47.2336111133918,0.3578421,0.04934940268670179
800,47.2419444462284,0.35053920000000005,0.04933429054558724
801,47.2586111119017,0.3565143,0.049303822342411
802,47.26694444473829,0.36580890000000005,0.04928858824082298
803,47.275277777575,0.36448109999999995,0.049273354139234754
804,47.2836111132056,0.371784,0.04925812003253903
805,47.2919444460422,0.3618255,0.04924150904895049
806,47.3669444443658,0.3618255,0.049078765333239766
807,47.375277779996395,0.365145,0.04905914108426831
808,47.383611112833,0.37244790000000005,0.04903951684187645
809,47.4002777785063,0.36580890000000005,0.048998708764527554
810,47.4086111113429,0.3598338,0.04897828477906328
811,47.4586111111566,0.3638172,0.048852233950433865
812,47.4669444439933,0.378423,0.04883064671395626
813,47.4752777796239,0.3704562,0.04880905947024114
814,47.4836111124605,0.3571782,0.04878726918854443
815,47.4919444452971,0.3598338,0.04876312404912696
816,47.5008333334699,0.3684645,0.04873736923428794
817,47.5091666663066,0.35518649999999996,0.04871322409487018
818,47.51777777820829,0.36713670000000004,0.04868827411369426
819,47.526111111044905,0.3684645,0.048664128974276744
820,47.534722222946606,0.358506,0.04863879012222696
821,47.5427777795121,0.3624894,0.04861409442965238
822,47.5511111123487,0.36979229999999996,0.04858854716619752
823,47.55944444518539,0.3737757,0.04856299990274236
824,47.567777778022005,0.36116159999999997,0.04853745263928745
825,47.576111110858605,0.3678006,0.04851190537583258
826,47.5844444464892,0.36116159999999997,0.04848573279893496
827,47.5927777793258,0.3691284,0.04845815954952531
828,47.601111112162506,0.3691284,0.0484305863001153
829,47.609444444999106,0.3804147,0.04840301305070564
830,47.617777777835705,0.3678006,0.04837543980129599
831,47.6430555554107,0.371784,0.048289589932649576
832,47.6513888910413,0.365145,0.04826044479996312
833,47.6680555567145,0.3691284,0.04820215455413379
834,47.6763888895512,0.36116159999999997,0.04817300943121878
835,47.743333334103205,0.3684645,0.04792333930095346
836,47.7516666669399,0.38174250000000004,0.04789368496375614
837,47.76833333540711,0.3790869,0.047834376279419624
838,47.776666668243706,0.38638979999999995,0.047804721942222635
839,47.78500000108029,0.3751035,0.047769899388082564
840,47.793333333917,0.3870537,0.04773209115445789
841,47.8016666667536,0.378423,0.0476942829208337
842,47.809999999590204,0.38174250000000004,0.047656474687209474
843,47.81833333522079,0.3678006,0.04761866644090899
844,47.86833333503451,0.3770952,0.047412253149510294
845,47.8766666678712,0.3830703,0.04737879444711915
846,47.901666666381104,0.385062,0.0472567360242402
847,47.9100000020117,0.36979229999999996,0.04721543020056351
848,47.9516666689888,0.3751035,0.04701491604575962
849,47.9600000018254,0.385062,0.04697573735274588
850,47.968333334662,0.3764313,0.046936558659732126
851,48.035277779214105,0.3790869,0.04660796360703801
852,48.043611112050705,0.3837342,0.046566276894715396
853,48.060277777724,0.38439809999999996,0.04648290347006971
854,48.0686111133546,0.36979229999999996,0.04644121674377036
855,48.076944446191206,0.371784,0.04639915299483975
856,48.0852777790278,0.3837342,0.04635060548124786
857,48.0936111118644,0.385062,0.04630205796765593
858,48.1019444447011,0.37576740000000003,0.046253510454063416
859,48.1269444460049,0.3770952,0.04610687606271649
860,48.1352777788416,0.3704562,0.046050034681649615
861,48.1436111116782,0.3837342,0.045993193300583414
862,48.2186111127958,0.3770952,0.045605630122401875
863,48.251944444142296,0.38638979999999995,0.045377653905421415
864,48.2602777797729,0.3731118,0.0453150939770313
865,48.3102777795866,0.3777591,0.04500123409676602
866,48.3186111124232,0.3897093,0.04495293172064612
867,48.343611110933104,0.38904540000000004,0.04476082936816976
868,48.3519444465637,0.3804147,0.04469268129650421
869,48.4272222239524,0.38240640000000004,0.044234846631041436
870,48.435555556789,0.3830703,0.044170189526405494
871,48.443888889625704,0.3923649,0.04410553242176873
872,48.452222222462304,0.3770952,0.044040875317132785
873,48.4605555552989,0.3790869,0.043976218212496844
874,48.4688888909295,0.38904540000000004,0.043911561086182695
875,48.4772222237661,0.3790869,0.04384675392415869
876,48.48555555660279,0.391701,0.04378184892964539
877,48.51888889074329,0.3857259,0.0435222289298329
878,48.527222223579905,0.3936927,0.04345768231891139
879,48.535555556416504,0.3877176,0.043393312249080614
880,48.543888889253104,0.3976761,0.04332894217924984
881,48.552222222089796,0.39103709999999997,0.04326457210941836
882,48.56055555772039,0.3990039,0.04320020201800561
883,48.568888890557005,0.4089624,0.04313583194817473
884,48.577222223393605,0.3870537,0.04306990468124183
885,48.585555556230204,0.3930288,0.04300341482651413
886,48.593888889066896,0.3857259,0.04293692497178568
887,48.602222221903496,0.38240640000000004,0.04287043511705798
888,48.610555557534106,0.3903732,0.042803945240037465
889,48.618888890370705,0.3883815,0.04273745538530976
890,48.6272222232074,0.3770952,0.04266927779901121
891,48.6691666664556,0.3837342,0.042323983347962994
892,48.6775000020862,0.39103709999999997,0.04225129019122805
893,48.6858333349228,0.38174250000000004,0.04217812823594458
894,48.6941666677594,0.3923649,0.042104966280661106
895,48.7275000018999,0.3883815,0.041817088944084396
896,48.7358333347365,0.40099559999999995,0.041748886820628335
897,48.744166667573204,0.39701220000000004,0.041680684697171407
898,48.752500000409796,0.3903732,0.04161248257371541
899,48.7608333332464,0.39701220000000004,0.04154428045025929
900,48.769166668877,0.3990039,0.04147569333598992
901,48.7775000017136,0.3923649,0.0413929422023102
902,48.794444446452,0.3923649,0.04122468155087939
903,48.8027777792886,0.4003317,0.041141930417199664
904,48.844444446265705,0.3963483,0.040771995536745
905,48.8527777791023,0.38904540000000004,0.040703269645415686
906,48.8777777776122,0.3923649,0.040482253890045304
907,48.8861111132428,0.3877176,0.04040104909414298
908,48.8944444460794,0.3943566,0.04031984432546695
909,48.902777778916104,0.4016595,0.04023863955678989
910,48.9197222236544,0.39701220000000004,0.04006743553603128
911,48.928055556491,0.41095410000000004,0.03996502097994379
912,48.9363888893276,0.4003317,0.03986260642385639
913,49.011388890445204,0.4043151,0.03922084948368154
914,49.0866666678339,0.404979,0.038374151484124146
915,49.0950000006706,0.3990039,0.03831547593628962
916,49.1033333335072,0.391701,0.038256800388455796
917,49.111666666343794,0.3936927,0.03819812484062202
918,49.120000001974404,0.4016595,0.03811104265490931
919,49.128333334811,0.3870537,0.038003295349534554
920,49.1366666676477,0.40232340000000005,0.037895548044158504
921,49.153333333320894,0.3956844,0.03768005343340908
922,49.1616666661575,0.4069707,0.03757230612803423
923,49.170000001788104,0.4082985,0.03747424420577717
924,49.178333334624796,0.3963483,0.03738154781258542
925,49.211666668765204,0.39834,0.037010762208743136
926,49.220000001601896,0.40365120000000004,0.036916504797512954
927,49.228333334438496,0.40232340000000005,0.03682160401785877
928,49.2366666672751,0.4096263,0.036726703238204504
929,49.2536111120135,0.40099559999999995,0.03653373830472448
930,49.2619444448501,0.3943566,0.036438837525070294
931,49.2702777776867,0.3830703,0.03634210421926978
932,49.2786111133173,0.3830703,0.03624493010082096
933,49.286944446153896,0.3936927,0.03614775601495261
934,49.2952777789906,0.3950205,0.036050581929083024
935,49.3036111118272,0.404979,0.035953407843214685
936,49.3119444446638,0.3936927,0.03585623375734634
937,49.32027777750049,0.38638979999999995,0.03575187928223274
938,49.370277780108204,0.3897093,0.035134178498819287
939,49.378611112944796,0.38107859999999993,0.03504460400814202
940,49.3869444457814,0.38904540000000004,0.034955029517464604
941,49.395277778618,0.38904540000000004,0.03486545502678726
942,49.40361111145471,0.3797508,0.034775880536108784
943,49.411944444291294,0.3877176,0.034686306045431596
