Time [h],Calibrated OD [AU]
0.0216666664928198,0.0033195
0.0969444438815117,0.0019917
0.171944444999099,0.0013278
0.247222222387791,0.0039834
0.322222223505378,0.000663900000000001
0.388888888992369,0.0039834
0.397222221828997,0.00663900000000001
0.472222222946584,0.0033195
0.480555555783212,0.00863070000000001
0.555555556900799,0.0019917
0.630555555224419,0.0046473
0.705555556342006,0.00663900000000001
0.780833333730698,0.0039834
0.855833332054317,0.0039834
0.930833333171904,0
1.00583333428949,0.00730290000000001
1.08111111167818,0.0033195
1.1561111100018,0.0013278
1.23111111111939,0.0039834
1.25611111242324,0.00531120000000001
1.26444444525987,0
1.3144444450736,0.0026556
1.32277777791023,0.00663900000000001
1.39805555529892,0.00531120000000001
1.47305555641651,0.0046473
1.54805555474013,0.0013278
1.62305555585772,0.000663900000000001
1.69805555418134,0.0033195
1.77305555529892,0.0026556
1.84805555641651,0.0026556
1.9233333338052,0.0046473
1.9986111111939,0.00597510000000001
2.08166666608304,0.00531120000000001
2.15666666720062,0.000663900000000001
2.23194444458932,0.0046473
2.3069444457069,0.00863070000000001
2.3822222230956,0.0039834
2.45722222141922,0.0046473
2.5322222225368,0.0013278
2.60722222365439,0.0033195
2.68222222197801,0.00597510000000001
2.7574999993667,0.00796680000000001
2.83250000048429,0.0046473
2.86583333462477,0.0046473
2.8741666674614,0.0019917
2.94916666578501,0.0046473
3.0241666669026,0.00597510000000001
3.09916666522622,0.00531120000000001
3.17416666634381,0.0039834
3.2494444437325,0.0019917
3.32444444485009,0.0039834
3.39944444317371,0.00597510000000001
3.47444444429129,0.0046473
3.54944444540888,0.00531120000000001
3.6244444437325,0.00531120000000001
3.69972222112119,0.00730290000000001
3.77472222223878,0.0106224
3.84972222335637,0.0046473
3.92472222167999,0.0019917
3.99999999906868,0.0026556
4.07500000018626,0.00730290000000001
4.15000000130385,0.00663900000000001
4.22499999962747,0.00531120000000001
4.30000000074506,0.00531120000000001
4.37499999906868,0.00863070000000001
4.45000000018626,0.0033195
4.52527777757496,0.00597510000000001
4.60027777869254,0.0019917
4.67527777701616,0.00796680000000001
4.75027777813375,0.0033195
4.82555555552244,0.00531120000000001
4.90055555664003,0.0026556
4.97555555496365,0.00863070000000001
5.05055555608124,0.00531120000000001
5.12583333346993,0.0033195
5.19249999895692,0.00531120000000001
5.20083333458751,0.0039834
5.27583333291113,0.0046473
5.35083333402872,0.00597510000000001
5.36749999970198,0.0033195
5.3758333325386,0.00995850000000001
5.45083333365619,0.00597510000000001
5.52611111104488,0.00863070000000001
5.60111111216247,0.00531120000000001
5.67638888955116,0.00929460000000001
5.75138888787478,0.00730290000000001
5.82638888899237,0.00796680000000001
5.90138889010996,0.00730290000000001
5.97666666749865,0.00531120000000001
6.05166666582227,0.00863070000000001
6.12666666693985,0.00863070000000001
6.20166666805744,0.00663900000000001
6.25166666787118,0.00929460000000001
6.26000000070781,0.0106224
6.33499999903142,0.00597510000000001
6.34333333466202,0.0019917
6.41833333298564,0.00796680000000001
6.49361111037433,0.00597510000000001
6.56861111149192,0.00796680000000001
6.64361110981554,0.00597510000000001
6.70194444525987,0.00663900000000001
6.7102777780965,0.00929460000000001
6.78527777642012,0.0112863
6.80194444488734,0.00663900000000001
6.81027777772397,0.0106224
6.88555555511266,0.00863070000000001
6.96055555623025,0.00929460000000001
7.03555555455387,0.00597510000000001
7.11055555567145,0.00863070000000001
7.18555555678904,0.0106224
7.26055555511266,0.00929460000000001
7.32722222339362,0.00995850000000001
7.33555555623025,0.013278
7.41083333361894,0.0112863
7.48583333194256,0.00929460000000001
7.56083333306015,0.00863070000000001
7.63583333417773,0.00730290000000001
7.71111111156642,0.00796680000000001
7.78611110989004,0.00796680000000001
7.8613888900727,0.00995850000000001
7.93638888839632,0.00531120000000001
8.01138888951391,0.00663900000000001
8.08638888783753,0.00796680000000001
8.16166666522622,0.00929460000000001
8.23666666634381,0.00730290000000001
8.3116666674614,0.00995850000000001
8.38666666578501,0.00863070000000001
8.4616666669026,0.00663900000000001
8.53694444429129,0.0106224
8.61194444540888,0.00995850000000001
8.6869444437325,0.00796680000000001
8.76194444485009,0.00663900000000001
8.83722222223878,0.00663900000000001
8.91222222335637,0.00663900000000001
8.98722222167999,0.00531120000000001
9.06222222279757,0.013278
9.13722222112119,0.00995850000000001
9.21222222223878,0.00730290000000001
9.28749999962747,0.00929460000000001
9.2958333324641,0.0046473
9.37083333358169,0.00929460000000001
9.44583333469927,0.00796680000000001
9.52083333302289,0.00929460000000001
9.59583333414048,0.00730290000000001
9.6708333324641,0.00995850000000001
9.74583333358169,0.0106224
9.82083333469927,0.00597510000000001
9.86277777794749,0.00863070000000001
9.87111111078411,0.00597510000000001
9.9461111119017,0.0126141
9.96277777757496,0.00730290000000001
9.97111111041158,0.00531120000000001
10.0461111115292,0.0112863
10.1211111098528,0.0106224
10.1961111109704,0.00995850000000001
10.2713888883591,0.0119502
10.3463888894767,0.0126141
10.4213888878003,0.00929460000000001
10.4963888889179,0.00863070000000001
10.5716666663066,0.00929460000000001
10.6466666674241,0.00663900000000001
10.6633333330974,0.00863070000000001
10.671666665934,0.0112863
10.7466666670516,0.00929460000000001
10.8216666653752,0.00796680000000001
10.8966666664928,0.0112863
10.9716666676104,0.00863070000000001
11.0469444449991,0.00663900000000001
11.1219444433227,0.0119502
11.1969444444403,0.0112863
11.2719444455579,0.0106224
11.3302777782083,0.00929460000000001
11.3386111110449,0.00597510000000001
11.4136111121625,0.00929460000000001
11.4888888895512,0.0126141
11.5638888878748,0.00863070000000001
11.6388888889924,0.00796680000000001
11.71388889011,0.00929460000000001
11.7888888884336,0.0106224
11.8638888895512,0.00929460000000001
11.9388888878748,0.0106224
12.0141666680574,0.013278
12.0225000008941,0.0146058
12.0974999992177,0.0112863
12.1725000003353,0.00995850000000001
12.2474999986589,0.013278
12.3224999997765,0.013278
12.3975000008941,0.0112863
12.4724999992177,0.00995850000000001
12.5475000003353,0.00863070000000001
12.622777777724,0.0119502
12.6977777788416,0.0146058
12.7730555562302,0.0119502
12.8561111111194,0.00929460000000001
12.931111112237,0.0139419
13.0061111105606,0.0119502
13.0811111116782,0.0112863
13.1230555549264,0.0146058
13.131388887763,0.0172614
13.2063888888806,0.013278
13.2813888899982,0.0139419
13.3563888883218,0.0106224
13.4313888894394,0.0139419
13.5066666668281,0.00929460000000001
13.531666665338,0.0159336
13.5400000009686,0.0185892
13.6149999992922,0.0146058
13.6900000004098,0.0159336
13.7649999987334,0.0106224
13.8402777789161,0.0159336
13.9152777772397,0.0139419
13.9902777783573,0.0146058
14.0652777766809,0.0152697
14.1405555568635,0.0185892
14.2155555551872,0.0152697
14.2905555563048,0.0179253
14.3488888889551,0.0179253
14.3572222217917,0.0106224
14.4322222229093,0.0146058
14.4488888885826,0.0146058
14.4572222214192,0.0112863
14.4655555542558,0.0179253
14.5405555553734,0.0146058
14.6158333327621,0.0179253
14.6908333338797,0.0152697
14.7658333322033,0.0139419
14.8408333333209,0.0146058
14.9074999988079,0.013278
14.9158333344385,0.0112863
14.9908333327621,0.0152697
15.0658333338797,0.0172614
15.1408333322033,0.0146058
15.216111112386,0.0179253
15.2911111107096,0.0185892
15.3661111118272,0.0152697
15.4411111101508,0.0165975
15.5163888875395,0.0185892
15.5913888886571,0.0152697
15.6663888897747,0.0185892
15.7413888880983,0.0192531
15.8163888892159,0.0185892
15.8913888875395,0.0192531
15.9663888886571,0.0152697
16.0416666660458,0.0165975
16.1166666671634,0.0192531
16.191666665487,0.0159336
16.2666666666046,0.0179253
16.3416666677222,0.0219087
16.4169444451109,0.0172614
16.4919444434345,0.0212448
16.525277777575,0.0192531
16.5336111104116,0.0225726
16.6088888878003,0.0219087
16.6838888889179,0.0165975
16.7588888900355,0.0232365
16.8338888883591,0.0205809
16.9088888894767,0.0185892
16.9838888878003,0.0239004
17.0588888889179,0.0225726
17.1091666677967,0.0212448
17.1175000006333,0.0258921
17.1924999989569,0.0219087
17.2675000000745,0.0219087
17.3425000011921,0.0212448
17.4174999995157,0.0252282
17.4925000006333,0.0245643
17.5674999989569,0.0225726
17.6427777763456,0.0232365
17.7177777774632,0.0232365
17.7927777785808,0.026556
17.8677777769044,0.0258921
17.9430555542931,0.0245643
18.0180555554107,0.026556
18.0930555565283,0.026556
18.168333333917,0.0285477
18.2433333322406,0.033195
18.3183333333582,0.0318672
18.3933333344758,0.0292116
18.4683333327994,0.0298755
18.543333333917,0.0278838
18.6183333322406,0.0278838
18.6936111124232,0.0252282
18.7686111107469,0.0278838
18.8436111118644,0.0292116
18.9186111101881,0.0292116
18.9938888875768,0.0305394
19.0769444452599,0.0298755
19.1522222226486,0.0285477
19.2272222209722,0.0272199
19.3022222220898,0.0298755
19.3774999994785,0.0338589
19.452500000596,0.0318672
19.5274999989197,0.0312033
19.6025000000373,0.0305394
19.6527777789161,0.0345228
19.6611111117527,0.0358506
19.7361111100763,0.0305394
19.8116666665301,0.0338589
19.8947222214192,0.0338589
19.9697222225368,0.0365145
19.9780555553734,0.0371784
20.053055556491,0.0358506
20.1280555548146,0.0351867
20.2033333322033,0.0358506
20.2783333333209,0.0371784
20.3533333344385,0.0385062
20.386666665785,0.0371784
20.3950000014156,0.0325311
20.4699999997392,0.0365145
20.5450000008568,0.0385062
20.6199999991804,0.0371784
20.6952777765691,0.0391701
20.7536111120135,0.039834
20.7619444448501,0.0418257
20.8369444431737,0.0411618
20.9119444442913,0.0365145
20.9869444454089,0.0385062
21.0619444437325,0.0391701
21.1369444448501,0.0378423
21.2122222222388,0.0385062
21.2872222233564,0.0438174
21.36222222168,0.0431535
21.4372222227976,0.0391701
21.5122222211212,0.039834
21.537222222425,0.0424896
21.5455555552617,0.0484647
21.5538888880983,0.039834
21.629166665487,0.0431535
21.7041666666046,0.0418257
21.7791666677222,0.0458091
21.8541666660458,0.0431535
21.9291666671634,0.0418257
22.0044444445521,0.0471369
22.0794444456697,0.0451452
22.1127777770162,0.0491286
22.1211111098528,0.0517842
22.1961111109704,0.0497925
22.271111112088,0.0471369
22.3461111104116,0.0497925
22.3544444432482,0.0517842
22.3961111102253,0.0517842
22.4044444430619,0.0524481
22.4794444441795,0.053112
22.5547222215682,0.0511203
22.5630555544049,0.0557676
22.5713888900355,0.0491286
22.6463888883591,0.0491286
22.7213888894767,0.0511203
22.7963888878003,0.0544398
22.8713888889179,0.0551037
22.9463888900355,0.0537759
23.0213888883591,0.0537759
23.0966666657478,0.0577593
23.1716666668653,0.0544398
23.2466666679829,0.053112
23.3216666663066,0.0584232
23.3966666674241,0.0590871
23.4719444448128,0.0570954
23.5469444431365,0.0577593
23.621944444254,0.0584232
23.6969444453716,0.0610788
23.7722222227603,0.0584232
23.7805555555969,0.0630705
23.8388888882473,0.0617427
23.8472222210839,0.0557676
23.8805555552244,0.0590871
23.888888888061,0.0624066
23.9638888891786,0.0577593
23.9805555548519,0.0590871
23.9888888876885,0.0570954
24.0638888888061,0.0590871
24.0972222229466,0.0617427
24.1055555557832,0.0657261
24.1805555569008,0.0643983
24.2555555552244,0.0624066
24.2975000012666,0.0630705
24.3058333341032,0.0683817
24.3141666669399,0.0617427
24.3891666680574,0.06639
24.4641666663811,0.0650622
24.5391666674986,0.0630705
24.6141666658223,0.0703734
24.6891666669399,0.06639
24.7225000010803,0.0650622
24.7311111101881,0.0697095
24.8061111113057,0.06639
24.8811111124232,0.0604149
24.9563888898119,0.0703734
24.9730555554852,0.0710373
24.9813888883218,0.0756846
25.0563888894394,0.0703734
25.131388887763,0.0710373
25.2063888888806,0.0643983
25.2563888886943,0.0703734
25.264722221531,0.0736929
25.3399999989197,0.0690456
25.4150000000373,0.0710373
25.4900000011548,0.0717012
25.5566666666418,0.0717012
25.5649999994785,0.0750207
25.640000000596,0.0736929
25.7149999989197,0.0736929
25.7316666673869,0.0750207
25.7400000002235,0.0776763
25.8152777776122,0.0776763
25.8902777787298,0.0763485
25.9652777770534,0.0770124
26.040277778171,0.0783402
26.1072222227231,0.0790041
26.1155555555597,0.0849792
26.1905555566773,0.0750207
26.2655555550009,0.0829875
26.3405555561185,0.079668
26.4155555544421,0.0803319
26.4905555555597,0.0856431
26.5572222210467,0.0843153
26.5655555566773,0.079668
26.5988888880238,0.0836514
26.6072222236544,0.0869709
26.6825000010431,0.0823236
26.7574999993667,0.0849792
26.8074999991804,0.0889626
26.8158333320171,0.0896265
26.8911111121997,0.0829875
26.9661111105233,0.0856431
27.0411111116409,0.0843153
27.1161111099645,0.0902904
27.1744444454089,0.0916182
27.1827777782455,0.0942738
27.1911111110821,0.0876348
27.2663888884708,0.0869709
27.3413888895884,0.0909543
27.416388887912,0.0876348
27.4916666653007,0.0896265
27.5166666666046,0.0936099
27.5249999994412,0.0889626
27.5833333320916,0.0922821
27.5916666677222,0.0876348
27.6000000005588,0.0962655
27.6749999988824,0.0896265
27.75,0.0936099
27.8250000011176,0.0956016
27.8999999994412,0.0969294
27.9752777768299,0.0956016
27.9836111124605,0.0909543
27.9919444452971,0.0975933
28.016944443807,0.0962655
28.0252777766436,0.099585
28.0336111122742,0.0909543
28.0502777779475,0.0936099
28.0586111107841,0.1015767
28.1336111119017,0.1022406
28.2086111102253,0.099585
28.2836111113429,0.1029045
28.3586111124605,0.1029045
28.3758333334699,0.0975933
28.3838888900355,0.1075518
28.3922222228721,0.0962655
28.4005555557087,0.1042323
28.4755555568263,0.1068879
28.5505555551499,0.1029045
28.5588888879865,0.1095435
28.5672222208232,0.1009128
28.6422222219408,0.1022406
28.7172222230583,0.106224
28.792500000447,0.1055601
28.8674999987707,0.1082157
28.9341666670516,0.1048962
28.9424999998882,0.1102074
28.9508333327249,0.1029045
29.0258333338425,0.1075518
29.1008333321661,0.1055601
29.1761111123487,0.1108713
29.2511111106724,0.1082157
29.259444443509,0.1108713
29.2677777763456,0.1035684
29.3427777774632,0.1115352
29.3511111102998,0.1115352
29.3594444431365,0.1048962
29.367777778767,0.1135269
29.4011111101136,0.1135269
29.4094444457442,0.1102074
29.4844444440678,0.112863
29.501111112535,0.1108713
29.5094444453716,0.1088796
29.5427777767181,0.1115352
29.5511111123487,0.1155186
29.5594444451854,0.1135269
29.567777778022,0.1055601
29.6177777778357,0.1095435
29.6261111106724,0.1141908
29.701388888061,0.1102074
29.7763888891786,0.1141908
29.8097222233191,0.1121991
29.8180555561557,0.1082157
29.834722221829,0.1075518
29.8430555546656,0.1181742
29.9180555557832,0.1181742
29.9930555569008,0.1155186
30.0680555552244,0.1135269
30.0847222208977,0.1148547
30.0930555565283,0.119502
30.1680555548519,0.119502
30.2433333322406,0.1214937
30.3183333333582,0.1181742
30.3933333344758,0.1175103
30.4016666673124,0.1254771
30.476666665636,0.1234854
30.5016666669399,0.1228215
30.5099999997765,0.126141
30.5183333326131,0.1181742
30.5933333337307,0.1214937
30.6683333320543,0.1201659
30.6766666676849,0.1148547
30.7433333331719,0.126141
30.7516666660085,0.1314522
30.7852777764201,0.1268049
30.7936111120507,0.1175103
30.8352777790278,0.1287966
30.8436111118644,0.1341078
30.8519444447011,0.1314522
30.8602777775377,0.1248132
30.9186111101881,0.1274688
30.9269444458187,0.1341078
30.9352777786553,0.1254771
30.9436111114919,0.1221576
30.9519444443285,0.1294605
30.9769444456324,0.1268049
30.985277778469,0.126141
31.0602777767926,0.1301244
31.0769444452599,0.1301244
31.0852777780965,0.1254771
31.1605555554852,0.1314522
31.1688888883218,0.13278
31.1772222211584,0.126141
31.2355555566028,0.1281327
31.2438888894394,0.1367634
31.252222222276,0.1287966
31.3105555549264,0.1281327
31.318888887763,0.1367634
31.3941666679457,0.1367634
31.4108333336189,0.1307883
31.4191666664556,0.1301244
31.4274999992922,0.1387551
31.5025000004098,0.1341078
31.5608333330601,0.13278
31.5691666658968,0.1287966
31.5774999987334,0.1360995
31.652499999851,0.1360995
31.7277777772397,0.1354356
31.8027777783573,0.1367634
31.8277777768672,0.1380912
31.8361111097038,0.1407468
31.9111111108214,0.1420746
31.919444443658,0.1434024
31.9361111121252,0.139419
31.9444444449618,0.1360995
32.0194444432855,0.1440663
32.0947222234681,0.139419
32.1697222217917,0.1387551
32.2447222229093,0.1427385
32.319722221233,0.1400829
32.3950000014156,0.1467219
32.4283333327621,0.1453941
32.4366666655988,0.1414107
32.5116666667163,0.1427385
32.5866666678339,0.1427385
32.6533333333209,0.1420746
32.6616666661575,0.1507053
32.7116666659713,0.1420746
32.7199999988079,0.1380912
32.7366666672751,0.1453941
32.7450000001118,0.1513692
32.7533333329484,0.1447302
32.828333334066,0.1500414
32.8783333338797,0.1440663
32.8866666667163,0.1507053
32.9033333323896,0.1493775
32.9116666652262,0.1533609
32.9869444454089,0.1434024
33.0619444437325,0.1513692
33.1369444448501,0.1453941
33.2119444431737,0.1500414
33.2369444444776,0.1507053
33.2452777773142,0.1580082
33.2619444457814,0.1580082
33.270277778618,0.152697
33.3452777769417,0.152697
33.4119444452226,0.1560165
33.4202777780592,0.1500414
33.4286111108959,0.1566804
33.5036111120135,0.1566804
33.5455555552617,0.1566804
33.5538888880983,0.1613277
33.6205555563793,0.159336
33.6288888892159,0.1513692
33.6372222220525,0.159336
33.7122222231701,0.1540248
33.7872222214937,0.1633194
33.8622222226113,0.1646472
33.912222222425,0.1580082
33.9205555552617,0.1553526
33.9288888880983,0.1619916
34.004166665487,0.1633194
34.0125000011176,0.1586721
34.0208333339542,0.1666389
34.0958333322778,0.159336
34.1708333333954,0.1626555
34.245833334513,0.1646472
34.3208333328366,0.1666389
34.3541666669771,0.1646472
34.3624999998137,0.1626555
34.3708333326504,0.1692945
34.379166665487,0.1679667
34.3875000011176,0.1613277
34.4124999996275,0.165975
34.4208333324641,0.1706223
34.4624999994412,0.1653111
34.4708333322778,0.1613277
34.4791666679084,0.1686306
34.5544444452971,0.1732779
34.5627777781337,0.1666389
34.5711111109704,0.1759335
34.646111112088,0.1692945
34.6544444449246,0.1646472
34.6627777777612,0.1739418
34.6961111119017,0.1686306
34.7044444447383,0.1765974
34.7294444432482,0.1679667
34.7377777788788,0.1639833
34.7544444445521,0.1679667
34.7627777773887,0.1746057
34.8377777785063,0.1692945
34.8711111098528,0.1692945
34.8794444454834,0.1739418
34.8961111111566,0.1712862
34.9044444439933,0.1759335
34.9127777768299,0.1699584
34.9213888887316,0.1779252
34.9297222215682,0.1819086
34.9380555544049,0.1719501
34.9463888900355,0.1686306
34.9547222228721,0.1785891
34.9630555557087,0.1706223
34.9880555542186,0.1706223
34.9963888898492,0.1779252
35.0713888881728,0.1779252
35.1463888892904,0.1746057
35.221388887614,0.1712862
35.2963888887316,0.1785891
35.3716666661203,0.1765974
35.4466666672379,0.1805808
35.5216666655615,0.1839003
35.5966666666791,0.1852281
35.6216666679829,0.1872198
35.6300000008196,0.1931949
35.6549999993294,0.1865559
35.6633333321661,0.1812447
35.7136111110449,0.185892
35.7219444438815,0.1885476
35.7969444449991,0.1865559
35.8724999986589,0.1878837
35.9474999997765,0.1905393
35.980833333917,0.1905393
35.9891666667536,0.1839003
36.0391666665673,0.1865559
36.047499999404,0.1938588
36.0725000007078,0.1872198
36.0808333335444,0.1865559
36.1058333320543,0.1865559
36.1141666676849,0.1931949
36.155833334662,0.1938588
36.1644444437698,0.1845642
36.2394444448873,0.1878837
36.2644444433972,0.1885476
36.2727777790278,0.1938588
36.3227777788416,0.1905393
36.3311111116782,0.2024895
36.3394444445148,0.1872198
36.3477777773514,0.1951866
36.3811111114919,0.1951866
36.3894444443285,0.1985061
36.4644444454461,0.1892115
36.4727777782828,0.1885476
36.4811111111194,0.1965144
36.5563888885081,0.2011617
36.6313888896257,0.1958505
36.6730555566028,0.192531
36.6813888894394,0.1912032
36.7063888879493,0.1958505
36.7147222235799,0.2011617
36.7897222219035,0.19917
36.8647222230211,0.1971783
36.9397222213447,0.1965144
37.0149999987334,0.2004978
37.0316666672006,0.2051451
37.0400000000373,0.2104563
37.0566666657105,0.2038173
37.0650000013411,0.2004978
37.1399999996647,0.2038173
37.1483333325014,0.2011617
37.156666665338,0.2117841
37.1899999994785,0.2084646
37.1983333323151,0.2131119
37.2150000007823,0.2024895
37.2233333336189,0.2011617
37.2399999992922,0.2018256
37.2483333321288,0.2078007
37.3236111123115,0.2064729
37.3986111106351,0.212448
37.4736111117527,0.2117841
37.4819444445893,0.2151036
37.4902777774259,0.2084646
37.5402777772397,0.2097924
37.5486111100763,0.2157675
37.6069444455206,0.2164314
37.6152777783573,0.2051451
37.6236111111939,0.2151036
37.6402777768672,0.212448
37.6486111097038,0.2078007
37.6569444453344,0.2157675
37.665277778171,0.2091285
37.6986111123115,0.212448
37.7069444451481,0.2144397
37.7819444434717,0.2144397
37.8572222236544,0.2184231
37.865555556491,0.2217426
37.8738888893276,0.2151036
37.9488888876513,0.2177592
38.0241666678339,0.2204148
38.0991666661575,0.2230704
38.132500000298,0.2217426
38.1408333331347,0.2270538
38.1574999988079,0.2224065
38.1658333344385,0.2177592
38.1741666672751,0.2230704
38.1825000001118,0.2131119
38.1908333329484,0.2177592
38.199166665785,0.2243982
38.2158333342522,0.2210787
38.2241666670889,0.2277177
38.2324999999255,0.2230704
38.2408333327621,0.2157675
38.2494444446638,0.2217426
38.2577777775005,0.212448
38.2661111103371,0.2204148
38.3411111114547,0.2237343
38.4161111097783,0.2217426
38.4244444454089,0.2224065
38.4327777782455,0.2290455
38.4577777767554,0.2250621
38.466111112386,0.2210787
38.4827777780592,0.2263899
38.4911111108959,0.2277177
38.5077777765691,0.2336928
38.5161111121997,0.2237343
38.5827777776867,0.2243982
38.5911111105233,0.2217426
38.59944444336,0.2310372
38.6247222209349,0.2343567
38.6330555565655,0.2290455
38.7080555548891,0.2330289
38.733055556193,0.2330289
38.7413888890296,0.2204148
38.7497222218663,0.2290455
38.7663888875395,0.2263899
38.7747222231701,0.2336928
38.8080555545166,0.2350206
38.8163888901472,0.2283816
38.8913888884708,0.2350206
38.9500000001863,0.2330289
38.9583333330229,0.2263899
38.9833333343267,0.2336928
38.9916666671634,0.239004
39.066666665487,0.2290455
39.1416666666046,0.2376762
39.1583333322778,0.2330289
39.1666666679084,0.2403318
39.2169444439933,0.2297094
39.2252777768299,0.2416596
39.2836111122742,0.2416596
39.2919444451109,0.2310372
39.3669444434345,0.2409957
39.3752777790651,0.2429874
39.4502777773887,0.2416596
39.5002777772024,0.2423235
39.5091666653752,0.2356845
39.5172222219408,0.2429874
39.5838888902217,0.2416596
39.5922222230583,0.2376762
39.6422222228721,0.2496264
39.6505555557087,0.2509542
39.6922222226858,0.2409957
39.7005555555224,0.2403318
39.7172222211957,0.2396679
39.7255555568263,0.245643
39.7338888896629,0.2556015
39.7422222224995,0.2463069
39.7505555553362,0.2482986
39.7588888881728,0.2403318
39.8088888879865,0.2463069
39.8172222208232,0.2476347
39.8591666668653,0.2463069
39.867499999702,0.2396679
39.8758333325386,0.2469708
39.9258333323523,0.2476347
39.9341666679829,0.2449791
39.9761111112311,0.2476347
39.9844444440678,0.2403318
39.9927777769044,0.2502903
40.001111112535,0.2575932
40.0094444453716,0.245643
40.0177777782083,0.2409957
40.0261111110449,0.2476347
40.0761111108586,0.252282
40.0844444436952,0.2562654
40.0927777765319,0.2549376
40.1011111121625,0.2469708
40.1094444449991,0.2509542
40.1177777778357,0.258921
40.1927777789533,0.2496264
40.2177777774632,0.2502903
40.2261111102998,0.2569293
40.2344444431365,0.2502903
40.2927777785808,0.2496264
40.3011111114174,0.258921
40.3594444440678,0.2575932
40.3677777769044,0.2629044
40.442777778022,0.2542737
40.4594444436952,0.2615766
40.4677777765319,0.2509542
40.4761111121625,0.2609127
40.5513888895512,0.2595849
40.576388888061,0.2562654
40.5847222208977,0.2509542
40.5930555565283,0.2662239
40.6013888893649,0.258921
40.6433333326131,0.2642322
40.6516666654497,0.2648961
40.6600000010803,0.2575932
40.6933333324268,0.2595849
40.7016666680574,0.2648961
40.7766666663811,0.2622405
40.8100000005215,0.2609127
40.8183333333582,0.2668878
40.8933333344758,0.2642322
40.9183333329856,0.2668878
40.9266666658223,0.2682156
40.9349999986589,0.2595849
40.9516666671261,0.2629044
40.9599999999627,0.2708712
40.9683333327994,0.2741907
40.976666665636,0.2642322
41.043333333917,0.2635683
41.0516666667536,0.2741907
41.0599999995902,0.2748546
41.0683333324268,0.2662239
41.1269444441423,0.2735268
41.1352777769789,0.2595849
41.176944443956,0.2682156
41.1852777767926,0.2755185
41.2269444437698,0.2702073
41.2352777766064,0.2775102
41.2602777779102,0.2702073
41.2686111107469,0.2648961
41.2769444435835,0.2755185
41.3519444447011,0.2755185
41.4269444458187,0.2801658
41.4602777771652,0.2728629
41.4686111100018,0.2808297
41.5019444441423,0.2814936
41.5102777769789,0.2914521
41.5186111098155,0.2761824
41.5269444454461,0.2781741
41.5352777782828,0.2715351
41.5855555543676,0.2741907
41.5938888899982,0.2648961
41.6022222228348,0.2695434
41.6105555556715,0.2814936
41.6272222213447,0.2775102
41.6355555541813,0.2834853
41.6438888898119,0.2735268
41.6522222226486,0.2801658
41.6605555554852,0.2741907
41.6688888883218,0.2808297
41.6772222211584,0.2868048
41.685555556789,0.2741907
41.7605555551127,0.2814936
41.7688888879493,0.2828214
41.7772222235799,0.2814936
41.7855555564165,0.2901243
41.7938888892531,0.2901243
41.8022222220898,0.2821575
41.8355555562302,0.2814936
41.8438888890669,0.2861409
41.8522222219035,0.2728629
41.8605555547401,0.2768463
41.8688888875768,0.285477
41.885555556044,0.2775102
41.8938888888806,0.2735268
41.9022222217172,0.2814936
41.9105555545539,0.2775102
41.9188888901845,0.285477
41.9438888886943,0.285477
41.952222221531,0.2741907
41.9938888885081,0.2808297
42.0025000004098,0.2941077
42.0108333332464,0.2821575
42.019166666083,0.2775102
42.0274999989197,0.285477
42.0358333345503,0.2874687
42.0441666673869,0.278838
42.0691666658968,0.2814936
42.0774999987334,0.292116
42.085833334364,0.285477
42.0941666672006,0.2728629
42.1025000000373,0.2894604
42.152499999851,0.2881326
42.1608333326876,0.2960994
42.1691666655242,0.2960994
42.1775000011548,0.2841492
42.1858333339915,0.2814936
42.1941666668281,0.2887965
42.2024999996647,0.2907882
42.2108333325014,0.2808297
42.219166665338,0.2821575
42.2275000009686,0.2907882
42.2358333338052,0.2834853
42.3108333321288,0.2868048
42.327500000596,0.2841492
42.3358333334327,0.2967633
42.3608333319426,0.2954355
42.3691666675732,0.2841492
42.3775000004098,0.2808297
42.3858333332464,0.2914521
42.4108333345503,0.2868048
42.4191666673869,0.298755
42.4277777764946,0.2901243
42.4694444434717,0.2914521
42.4777777791023,0.2848131
42.486111111939,0.2828214
42.4944444447756,0.292116
42.5027777776122,0.3020745
42.5111111104488,0.2941077
42.5194444432855,0.2861409
42.5444444445893,0.2868048
42.5527777774259,0.2974272
42.5613888893276,0.2887965
42.5694444430992,0.2960994
42.6027777772397,0.2887965
42.6111111100763,0.3060579
42.6194444457069,0.2974272
42.6944444440305,0.2974272
42.7111111097038,0.298755
42.7194444453344,0.3047301
42.727777778171,0.2841492
42.7361111110076,0.2980911
42.8027777764946,0.2960994
42.8111111121252,0.3034023
42.8444444434717,0.3007467
42.8527777791023,0.3140247
42.861111111939,0.305394
42.8694444447756,0.3034023
42.8777777776122,0.3113691
42.8861111104488,0.3007467
42.8944444432855,0.3040662
42.9030555551872,0.2927799
42.9363888893276,0.2994189
42.9447222221643,0.3140247
42.9530555550009,0.3014106
42.9863888891414,0.3014106
42.994722221978,0.3047301
43.0030555548146,0.2914521
43.061388887465,0.2967633
43.0697222230956,0.3014106
43.1363888885826,0.3047301
43.1447222214192,0.3073857
43.1530555542558,0.3060579
43.1613888898864,0.2954355
43.1697222227231,0.3047301
43.1780555555597,0.2894604
43.1863888883963,0.3007467
43.194722221233,0.3040662
43.2030555568635,0.3126969
43.2280555553734,0.3073857
43.2363888882101,0.2960994
43.2447222210467,0.3027384
43.2613888895139,0.3040662
43.2697222223505,0.2941077
43.2780555551872,0.2960994
43.2863888880238,0.305394
43.3113888893276,0.3014106
43.3197222221643,0.3113691
43.369722221978,0.3093774
43.3780555548146,0.3000828
43.3866666667163,0.298755
43.394999999553,0.305394
43.4033333323896,0.3113691
43.4116666652262,0.3239832
43.4200000008568,0.312033
43.4283333336934,0.3153525
43.4366666665301,0.2994189
43.4616666678339,0.3060579
43.4700000006706,0.298755
43.4866666663438,0.3007467
43.4949999991804,0.3080496
43.5033333320171,0.3000828
43.5116666676477,0.3080496
43.5200000004843,0.3060579
43.5283333333209,0.2941077
43.5449999989942,0.2947716
43.5533333346248,0.3080496
43.5783333331347,0.3107052
43.5866666659713,0.318672
43.5949999988079,0.318672
43.6033333344385,0.3093774
43.636666665785,0.3067218
43.6450000014156,0.3000828
43.6533333342522,0.312033
43.7286111116409,0.318672
43.7869444442913,0.312033
43.7952777771279,0.3233193
43.8036111099645,0.3153525
43.8286111112684,0.3193359
43.836944444105,0.3027384
43.8452777769417,0.3140247
43.8619444454089,0.3100413
43.8702777782455,0.3206637
43.903611112386,0.3140247
43.9119444452226,0.3107052
43.9369444437325,0.3173442
43.9452777765691,0.3239832
43.9619444450364,0.3213276
43.970277777873,0.3160164
44.0286111105233,0.3199998
44.03694444336,0.3219915
44.0536111118272,0.3233193
44.0619444446638,0.3306222
44.0702777775005,0.3346056
44.0786111103371,0.3173442
44.0869444431737,0.3266388
44.0952777788043,0.3332778
44.1036111116409,0.325311
44.1372222220525,0.3286305
44.1455555548891,0.318672
44.1538888877258,0.3160164
44.1622222233564,0.3093774
44.170555556193,0.3193359
44.1788888890296,0.3266388
44.1955555547029,0.3246471
44.2038888875395,0.3133608
44.2122222231701,0.3146886
44.2205555560067,0.3233193
44.2538888901472,0.3226554
44.2622222229838,0.3266388
44.2705555558205,0.3219915
44.2788888886571,0.3346056
44.2872222214937,0.3266388
44.3038888899609,0.3286305
44.3122222227976,0.3365973
44.3205555556342,0.3266388
44.3622222226113,0.33195
44.3705555554479,0.3379251
44.3788888882846,0.33195
44.3872222211212,0.3239832
44.3955555567518,0.3346056
44.412222222425,0.3292944
44.4205555552617,0.3399168
44.4288888880983,0.3286305
44.4372222209349,0.3299583
44.4455555565655,0.3226554
44.4538888894022,0.3359334
44.4622222222388,0.3365973
44.4708333341405,0.3279666
44.4874999998137,0.3273027
44.4958333326504,0.3352695
44.504166665487,0.3352695
44.5125000011176,0.3266388
44.5458333324641,0.3279666
44.5541666653007,0.3379251
44.5625000009313,0.338589
44.570833333768,0.3299583
44.5874999994412,0.3299583
44.5958333322778,0.3332778
44.6041666679084,0.3332778
44.6125000007451,0.3246471
44.6208333335817,0.3339417
44.6458333320916,0.3326139
44.6541666677222,0.3213276
44.6625000005588,0.3299583
44.6708333333954,0.3312861
44.679166666232,0.3246471
44.6874999990687,0.3312861
44.7125000003725,0.3339417
44.7211111122742,0.3425724
44.7291666660458,0.33195
44.7374999988824,0.3365973
44.745833334513,0.3259749
44.7625000001863,0.3312861
44.7708333330229,0.3432363
44.8041666671634,0.3392529
44.8125,0.3326139
44.8208333328366,0.3312861
44.8291666656733,0.3379251
44.8711111117154,0.3425724
44.8794444445521,0.3312861
44.8877777773887,0.3425724
44.8961111102253,0.3432363
44.9044444430619,0.3498753
44.9211111115292,0.3445641
44.9294444443658,0.338589
44.9461111100391,0.3352695
44.9544444456697,0.3465558
44.9711111113429,0.3492114
44.9794444441795,0.3425724
44.9877777770162,0.3472197
44.9961111098528,0.3372612
45.0130555545911,0.3332778
45.0211111111566,0.33195
45.0377777768299,0.3392529
45.0463888887316,0.3498753
45.0547222215682,0.3478836
45.0630555544049,0.3372612
45.0713888900355,0.3292944
45.0797222228721,0.3458919
45.104722221382,0.3392529
45.1130555542186,0.3326139
45.1297222226858,0.3332778
45.1380555555224,0.3439002
45.1547222211957,0.3432363
45.1630555568263,0.3505392
45.1713888896629,0.3399168
45.1797222224995,0.3392529
45.1880555553362,0.3478836
45.1963888881728,0.3439002
45.2047222210094,0.3332778
45.21305555664,0.3412446
45.2213888894767,0.3425724
45.2297222223133,0.3538587
45.2380555551499,0.3379251
45.2547222208232,0.3372612
45.2630555564538,0.3571782
45.2713888892904,0.3598338
45.279722222127,0.3399168
45.2880555549636,0.3525309
45.2963888878003,0.3558504
45.3047222234309,0.3439002
45.3130555562675,0.3472197
45.3213888891041,0.3399168
45.3297222219408,0.351867
45.3380555547774,0.3392529
45.3963888902217,0.3379251
45.4047222230583,0.3465558
45.413055555895,0.3432363
45.4213888887316,0.3525309
45.4300000006333,0.345228
45.4466666663066,0.3399168
45.4549999991432,0.3565143
45.4633333347738,0.3538587
45.4716666676104,0.3465558
45.480000000447,0.3379251
45.4883333332837,0.3512031
45.4969444451854,0.3419085
45.5049999989569,0.3472197
45.5133333345875,0.3405807
45.5883333329111,0.3498753
45.5966666657478,0.3538587
45.6049999985844,0.3405807
45.613333334215,0.3419085
45.6216666670516,0.3498753
45.6299999998882,0.3571782
45.6383333327249,0.3439002
45.6466666655615,0.3478836
45.6552777774632,0.3558504
45.6719444431365,0.3505392
45.680277778767,0.3478836
45.6886111116037,0.3478836
45.6969444444403,0.3565143
45.7052777772769,0.3624894
45.7136111101136,0.3492114
45.7219444457442,0.3538587
45.7302777785808,0.3445641
45.7386111114174,0.3465558
45.746944444254,0.3565143
45.7802777783945,0.3551865
45.7886111112311,0.3498753
45.7969444440678,0.3412446
45.8052777769044,0.3512031
45.813611112535,0.3478836
45.8219444453716,0.358506
45.8469444438815,0.3525309
45.8552777767181,0.3412446
45.8636111123487,0.3439002
45.8719444451854,0.3571782
45.880277778022,0.3478836
45.8886111108586,0.3598338
45.8969444436952,0.3465558
45.9219444449991,0.3472197
45.9302777778357,0.3611616
45.946944443509,0.3591699
45.9552777763456,0.3399168
45.9636111119762,0.3379251
45.9719444448128,0.3445641
45.9886111104861,0.3472197
45.9969444433227,0.3558504
46.0136111117899,0.3485475
46.0219444446266,0.3405807
46.0302777774632,0.3531948
46.055277778767,0.3485475
46.0638888878748,0.3571782
46.1222222233191,0.3644811
46.1305555561557,0.3658089
46.1638888902962,0.3644811
46.1722222231328,0.3545226
46.1805555559695,0.3644811
46.2222222229466,0.3624894
46.2305555557832,0.358506
46.2388888886198,0.365145
46.2472222214565,0.3558504
46.2722222227603,0.3638172
46.2805555555969,0.3711201
46.2888888884336,0.3591699
46.2972222212702,0.371784
46.3055555569008,0.365145
46.3805555552244,0.3631533
46.388888888061,0.3624894
46.3972222208977,0.3711201
46.4138888893649,0.3684645
46.4222222222015,0.3804147
46.4305555550382,0.358506
46.4472222235054,0.3624894
46.455555556342,0.3744396
46.4638888891786,0.3624894
46.480833333917,0.3624894
46.4891666667536,0.3578421
46.4974999995902,0.365145
46.5058333324268,0.3751035
46.5141666680574,0.3724479
46.5225000008941,0.358506
46.5308333337307,0.365145
46.5391666665673,0.3505392
46.547499999404,0.3618255
46.5558333322406,0.3697923
46.5641666678712,0.3684645
46.5725000007078,0.3598338
46.5808333335444,0.3598338
46.5891666663811,0.3671367
46.6058333320543,0.3624894
46.6141666676849,0.3558504
46.6225000005215,0.3611616
46.6308333333582,0.3711201
46.655833334662,0.3684645
46.6641666674986,0.3638172
46.6725000003353,0.3658089
46.6808333331719,0.3744396
46.6891666660085,0.3658089
46.6974999988452,0.3711201
46.7058333344758,0.3631533
46.7141666673124,0.3731118
46.7308333329856,0.3757674
46.7391666658223,0.3704562
46.789166665636,0.371784
46.7975000012666,0.3684645
46.8058333341032,0.3678006
46.8141666669399,0.3770952
46.8224999997765,0.3770952
46.8311111116782,0.3704562
46.9061111100018,0.3724479
46.9727777782828,0.3737757
46.9811111111194,0.3790869
47.0311111109331,0.3731118
47.0397222228348,0.3691284
47.0480555556715,0.378423
47.0563888885081,0.3684645
47.0647222213447,0.3751035
47.0730555541813,0.3777591
47.0813888898119,0.3671367
47.0897222226486,0.3810786
47.1480555552989,0.3797508
47.1563888881356,0.365145
47.1647222209722,0.3611616
47.1730555566028,0.3731118
47.2063888879493,0.3770952
47.2147222235799,0.3824064
47.2230555564165,0.3751035
47.2313888892531,0.3578421
47.2397222220898,0.365145
47.2647222233936,0.3711201
47.2730555562302,0.378423
47.2813888890669,0.3697923
47.2897222219035,0.3790869
47.3147222232074,0.3770952
47.323055556044,0.3724479
47.3397222217172,0.3837342
47.3480555545539,0.3870537
47.3563888901845,0.3804147
47.3647222230211,0.3804147
47.3730555558577,0.3731118
47.389722221531,0.3744396
47.3980555543676,0.3671367
47.4230555556715,0.3757674
47.4313888885081,0.3777591
47.4397222213447,0.3857259
47.4647222226486,0.3817425
47.4730555554852,0.3764313
47.4813888883218,0.378423
47.4897222211584,0.371784
47.5147222224623,0.378423
47.5230555552989,0.3790869
47.5813888879493,0.3777591
47.589999999851,0.3863898
47.5983333326876,0.3797508
47.6066666655242,0.371784
47.6233333339915,0.371784
47.6316666668281,0.3843981
47.6816666666418,0.3804147
47.6899999994785,0.3890454
47.6983333323151,0.3810786
47.7066666679457,0.3777591
47.7150000007823,0.3664728
47.7233333336189,0.3817425
47.7316666664556,0.3731118
47.7399999992922,0.3824064
47.7483333321288,0.3751035
47.7983333319426,0.3777591
47.8066666675732,0.3837342
47.8150000004098,0.3770952
47.8319444451481,0.3817425
47.8402777779847,0.3903732
47.8819444449618,0.3837342
47.8902777777985,0.3790869
47.923611111939,0.3797508
47.9319444447756,0.3777591
47.9819444445893,0.3870537
47.9902777774259,0.3737757
47.9986111102626,0.3678006
48.0069444430992,0.3777591
48.0152777787298,0.3777591
48.0236111115664,0.3870537
48.0322222234681,0.3810786
48.0402777772397,0.3890454
48.0486111100763,0.3824064
48.0902777770534,0.3770952
48.09861110989,0.3843981
48.165277778171,0.3857259
48.1736111110076,0.3950205
48.1819444438443,0.3857259
48.2569444449618,0.3870537
48.3322222223505,0.3843981
48.3405555551872,0.3837342
48.3488888880238,0.3770952
48.3572222236544,0.3863898
48.4072222234681,0.3903732
48.4155555563048,0.3824064
48.4238888891414,0.3804147
48.432222221978,0.3923649
48.4488888876513,0.3890454
48.4572222232819,0.378423
48.4655555561185,0.3857259
48.5405555544421,0.3824064
48.5572222229093,0.3890454
48.565555555746,0.3930288
48.5988888898864,0.3910371
48.6072222227231,0.3824064
48.6155555555597,0.3837342
48.6238888883963,0.3923649
48.632222221233,0.3857259
48.6574999988079,0.3903732
48.6658333344385,0.3843981
48.699166665785,0.3903732
48.7075000014156,0.3910371
48.7158333342522,0.3897093
48.7241666670889,0.3963483
48.7324999999255,0.3950205
48.7408333327621,0.3883815
48.8158333338797,0.385062
48.8241666667163,0.3870537
48.832499999553,0.3970122
48.8575000008568,0.3923649
48.8658333336934,0.3830703
48.8991666678339,0.3863898
48.9075000006706,0.3950205
48.9827777780592,0.3903732
48.9994444437325,0.3903732
49.0077777765691,0.3976761
49.0161111121997,0.3830703
49.0244444450364,0.3903732
49.0744444448501,0.3956844
49.0827777776867,0.3843981
49.0911111105233,0.3943566
49.166388887912,0.3950205
49.2413888890296,0.3903732
49.2833333322778,0.3956844
49.2916666679084,0.3970122
49.366666666232,0.3943566
49.4416666673496,0.3996678
49.4666666658595,0.391701
49.4749999986961,0.39834
49.5499999998137,0.3890454
49.6250000009313,0.3897093
49.6999999992549,0.39834
49.7333333333954,0.3950205
49.741666666232,0.3976761
49.7499999990687,0.3890454
49.8252777764574,0.3923649
49.900277777575,0.3976761
49.9752777786925,0.3950205
50.0502777770162,0.3990039
50.0586111098528,0.3976761
50.0669444454834,0.3910371
50.0836111111566,0.3950205
50.0919444439933,0.4016595
50.1669444451109,0.3943566
50.2169444449246,0.4016595
50.2252777777612,0.3923649
50.2338888896629,0.4003317
50.3172222208232,0.39834
50.3922222219408,0.3970122
50.4005555547774,0.39834
50.408888887614,0.4056429
50.4255555560812,0.39834
50.4338888889179,0.3936927
50.4422222217545,0.4029873
50.5172222228721,0.3990039
50.5922222211957,0.3976761
50.6672222223133,0.4003317
50.7422222234309,0.3990039
50.7505555562675,0.3970122
50.7588888891041,0.4043151
50.8341666664928,0.4023234
50.8508333321661,0.4016595
50.8591666677967,0.3963483
50.8758333334699,0.39834
50.8841666663066,0.4023234
50.9258333332837,0.3990039
50.9341666661203,0.3976761
51.0091666672379,0.4003317
51.0175000000745,0.3837342
51.0258333329111,0.39834
51.0758333327249,0.39834
51.0841666655615,0.3963483
51.1591666666791,0.4043151
51.2341666677967,0.3996678
51.3091666661203,0.4036512
51.384444443509,0.4003317
51.3927777763456,0.3970122
51.4011111119762,0.4036512
51.4761111102998,0.3976761
51.5511111114174,0.4029873
51.6011111112311,0.4036512
51.6094444440678,0.3956844
51.6844444451854,0.4036512
51.759444443509,0.4009956
51.7677777763456,0.4043151
51.7761111119762,0.3936927
51.7844444448128,0.4003317
51.8597222222015,0.4036512
51.9347222233191,0.4036512
52.0097222216427,0.4003317
52.0847222227603,0.404979
52.0930555555969,0.4069707
52.1013888884336,0.4003317
52.1763888895512,0.4056429
52.2263888893649,0.404979
52.2347222222015,0.4016595
52.2597222235054,0.4043151
52.268055556342,0.3996678
52.3433333337307,0.4003317
52.4183333320543,0.3990039
52.4933333331719,0.4043151
52.535000000149,0.404979
52.5433333329856,0.4069707
52.6183333341032,0.4036512
52.6436111116782,0.404979
52.6519444445148,0.4003317
52.7269444456324,0.4036512
52.7602777769789,0.4089624
52.7686111098155,0.411618
52.8269444452599,0.4029873
52.8352777780965,0.3996678
52.9102777764201,0.4043151
52.9852777775377,0.404979
53.0602777786553,0.4076346
53.135555556044,0.4043151
53.2105555543676,0.4082985
53.2855555554852,0.404979
53.3605555566028,0.4076346
53.4355555549264,0.4096263
53.510555556044,0.4076346
53.5188888888806,0.4089624
53.5688888886943,0.404979
53.577222221531,0.3996678
53.5855555543676,0.4076346
53.6608333345503,0.4063068
53.7358333328739,0.404979
53.8108333339915,0.404979
53.8858333323151,0.4102902
53.9608333334327,0.411618
54.0361111108214,0.4063068
54.111111111939,0.4089624
54.1861111102626,0.4063068
54.2613888876513,0.4082985
54.3363888887689,0.4069707
54.4113888898864,0.4069707
54.4863888882101,0.4076346
54.553055556491,0.4076346
54.5613888893276,0.4023234
54.6363888876513,0.4069707
54.7116666678339,0.4069707
54.7866666661575,0.411618
54.8616666672751,0.4063068
54.9366666655988,0.4063068
55.0116666667163,0.4063068
55.0866666678339,0.4043151
55.1619444452226,0.4069707
55.2369444435462,0.4076346
55.3119444446638,0.4082985
55.3869444457814,0.4063068
55.4036111114547,0.4076346
55.4119444442913,0.4096263
55.4452777784318,0.4043151
55.4536111112684,0.39834
55.4622222231701,0.4063068
55.5372222214937,0.4096263
55.6122222226113,0.4076346
55.6872222209349,0.4082985
55.7622222220525,0.4063068
55.8374999994412,0.4082985
55.9125000005588,0.4063068
55.9874999988824,0.404979
56.0625,0.4069707
56.1375000011176,0.4082985
56.2124999994412,0.4089624
56.2875000005588,0.4069707
56.3627777779475,0.4063068
56.4044444449246,0.4069707
56.4127777777612,0.4043151
56.4877777788788,0.4063068
56.5627777772024,0.4096263
56.63777777832,0.4102902
56.7127777766436,0.4076346
56.7877777777612,0.4063068
56.8630555551499,0.4029873
56.9380555562675,0.4096263
57.0130555545911,0.4069707
57.0880555557087,0.4096263
57.1633333330974,0.4089624
57.238333334215,0.4069707
57.3133333325386,0.4082985
57.3883333336562,0.4096263
57.4633333347738,0.4109541
57.5386111121625,0.4076346
57.6136111104861,0.4076346
57.6219444433227,0.404979
57.6969444444403,0.4076346
57.7719444455579,0.4096263
57.8472222229466,0.4082985
57.9222222212702,0.4089624
57.9972222223878,0.4069707
58.0722222235054,0.4089624
58.147222221829,0.4082985
58.2222222229466,0.4096263
58.2722222227603,0.4102902
58.2805555555969,0.4063068
58.3558333329856,0.4102902
58.4308333341032,0.4109541
58.5058333324268,0.4149375
58.5808333335444,0.4096263
58.655833334662,0.4109541
58.7308333329856,0.411618
58.8058333341032,0.4102902
58.8811111114919,0.4122819
58.9561111098155,0.4109541
59.0311111109331,0.4102902
59.1061111120507,0.411618
59.1813888894394,0.4102902
59.2063888879493,0.4129458
59.2147222235799,0.4063068
59.2897222219035,0.411618
59.3647222230211,0.4109541
59.4397222213447,0.411618
59.5147222224623,0.411618
59.5897222235799,0.4102902
59.6647222219035,0.4109541
59.7399999992922,0.4129458
59.8150000004098,0.4109541
59.8899999987334,0.4129458
59.964999999851,0.4136097
60.0400000009686,0.4122819
60.1149999992922,0.411618
60.1902777766809,0.4122819
60.2652777777985,0.4122819
60.3402777789161,0.4129458
60.4152777772397,0.4109541
60.4905555546284,0.4129458
60.565555555746,0.4122819
60.5988888898864,0.4109541
60.6072222227231,0.4142736
60.6822222210467,0.4136097
60.7572222221643,0.4136097
60.8322222232819,0.4136097
60.9072222216055,0.4136097
60.9822222227231,0.4129458
61.0575000001118,0.4122819
61.1325000012293,0.4129458
61.207499999553,0.4149375
61.2825000006706,0.4129458
61.3574999989942,0.4142736
61.4327777791768,0.411618
61.5077777775005,0.4136097
61.582777778618,0.4129458
61.6577777769417,0.4149375
61.7327777780592,0.4142736
61.8080555554479,0.4136097
61.8830555565655,0.4142736
61.9580555548891,0.4142736
62.0330555560067,0.4149375
62.1083333333954,0.4149375
62.183333334513,0.4149375
62.2583333328366,0.4156014
62.3333333339542,0.4156014
62.4086111113429,0.4136097
62.4836111124605,0.4136097
62.5586111107841,0.4142736
62.6338888881728,0.4149375
62.7088888892904,0.4142736
62.783888887614,0.4169292
62.8591666677967,0.4162653
62.9341666661203,0.4156014
63.0091666672379,0.4156014
63.0841666655615,0.4195848
63.1591666666791,0.418257
63.2341666677967,0.418257
63.3091666661203,0.4156014
63.384444443509,0.4169292
63.4344444433227,0.4162653
63.4427777789533,0.4222404
63.5177777772769,0.4169292
63.5930555546656,0.4175931
63.6680555557832,0.4162653
63.7433333331719,0.4175931
63.8183333342895,0.418257
63.8933333326131,0.4162653
63.9683333337307,0.4202487
64.0433333320543,0.4175931
64.1183333331719,0.4189209
64.1936111105606,0.4195848
64.2686111116782,0.4202487
64.3436111100018,0.4195848
64.4186111111194,0.4209126
64.493611112237,0.4209126
64.5686111105606,0.4162653
64.6102777775377,0.4202487
64.6186111103743,0.4235682
64.6936111114919,0.4222404
64.7688888888806,0.4189209
64.8438888899982,0.4202487
64.9022222226486,0.418257
64.9105555554852,0.4175931
64.9855555566028,0.4189209
65.0605555549264,0.4202487
65.135555556044,0.4195848
65.2105555543676,0.4195848
65.2774999989197,0.4222404
65.2858333345503,0.4275516
65.3608333328739,0.4222404
65.4358333339915,0.4202487
65.5108333323151,0.4222404
65.5861111097038,0.4242321
65.6611111108214,0.4215765
65.736111111939,0.4215765
65.8111111102626,0.4235682
65.8861111113802,0.424896
65.9611111097038,0.4222404
65.9944444438443,0.4255599
66.0027777766809,0.4308711
66.0780555568635,0.424896
66.1197222210467,0.4262238
66.1280555566773,0.4308711
66.2030555550009,0.4262238
66.2780555561185,0.4255599
66.3530555544421,0.4302072
66.4280555555597,0.4308711
66.5033333329484,0.4335267
66.5366666670889,0.4255599
66.5449999999255,0.4235682
66.6200000010431,0.4242321
66.6949999993667,0.4268877
66.7702777767554,0.4295433
66.7869444452226,0.4295433
66.7952777780592,0.4308711
66.8702777791768,0.4288794
66.9452777775005,0.431535
66.9869444444776,0.4308711
66.9952777773142,0.4368462
67.0036111101508,0.4288794
67.020277778618,0.4262238
67.0286111114547,0.4375101
67.0369444442913,0.4302072
67.11222222168,0.431535
67.1872222227976,0.4341906
67.2705555567518,0.4348545
67.3455555550754,0.4302072
67.353888887912,0.4361823
67.3705555563793,0.4348545
67.3788888892159,0.438174
67.4541666666046,0.4355184
67.4875000007451,0.4335267
67.4958333335817,0.4302072
67.5708333346993,0.4341906
67.6458333330229,0.4348545
67.6624999986961,0.4355184
67.6708333343267,0.4414935
67.7461111117154,0.438174
67.8044444443658,0.4341906
67.8127777772024,0.4474686
67.8211111100391,0.4441491
67.8294444456697,0.4341906
67.9044444439933,0.4401657
67.9627777766436,0.4368462
67.9711111122742,0.4454769
67.9877777779475,0.4441491
67.9961111107841,0.4348545
68.0044444436207,0.4414935
68.0127777764574,0.4388379
68.021111112088,0.4461408
68.0294444449246,0.451452
68.0377777777612,0.4408296
68.1130555551499,0.4441491
68.1963888891041,0.4434852
68.2713888902217,0.4434852
68.3463888885453,0.4401657
68.4213888896629,0.4474686
68.4463888881728,0.4481325
68.4547222210094,0.451452
68.4880555551499,0.4481325
68.4963888879865,0.4521159
68.5047222208232,0.444813
68.5547222234309,0.4487964
68.5630555562675,0.4521159
68.5713888891041,0.4428213
68.6380555545911,0.4441491
68.6463888902217,0.4527798
68.6549999993294,0.4414935
68.6966666663066,0.4481325
68.7049999991432,0.451452
68.7466666661203,0.4534437
68.7549999989569,0.458091
68.7633333345875,0.4487964
68.8383333329111,0.4554354
68.8466666657478,0.4567632
68.8883333327249,0.4494603
68.8966666655615,0.4461408
